Date,Price,Open,High,Low,Vol.,Change %,token
26/10/2024,"2,484.43","2,441.20","2,506.39","2,430.77",282.00K,1.77%,ETH
25/10/2024,"2,441.18","2,535.87","2,564.13","2,386.98",550.79K,-3.73%,ETH
24/10/2024,"2,535.87","2,524.64","2,561.75","2,508.98",312.65K,0.39%,ETH
23/10/2024,"2,526.10","2,622.91","2,625.51","2,463.67",385.15K,-3.65%,ETH
22/10/2024,"2,621.79","2,666.66","2,671.28","2,607.54",293.69K,-1.68%,ETH
21/10/2024,"2,666.66","2,747.28","2,766.10","2,656.65",336.97K,-2.93%,ETH
20/10/2024,"2,747.28","2,647.42","2,757.52","2,635.82",280.67K,3.77%,ETH
19/10/2024,"2,647.39","2,641.72","2,662.63","2,631.27",113.68K,0.21%,ETH
18/10/2024,"2,641.72","2,605.53","2,675.17","2,596.72",315.00K,1.39%,ETH
17/10/2024,"2,605.53","2,611.09","2,646.96","2,578.23",242.98K,-0.21%,ETH
16/10/2024,"2,611.09","2,607.79","2,645.42","2,589.72",280.52K,0.12%,ETH
15/10/2024,"2,607.84","2,630.54","2,682.02","2,540.15",442.58K,-0.86%,ETH
14/10/2024,"2,630.54","2,468.94","2,651.52","2,444.63",474.24K,6.55%,ETH
13/10/2024,"2,468.92","2,476.46","2,484.13","2,437.44",130.46K,-0.31%,ETH
12/10/2024,"2,476.48","2,436.77","2,489.53","2,434.39",150.00K,1.63%,ETH
11/10/2024,"2,436.73","2,385.40","2,470.65","2,382.22",254.87K,2.15%,ETH
10/10/2024,"2,385.40","2,370.10","2,417.90","2,353.08",288.05K,0.64%,ETH
09/10/2024,"2,370.13","2,440.91","2,472.03","2,355.24",268.06K,-2.90%,ETH
08/10/2024,"2,440.93","2,422.73","2,461.96","2,403.20",221.59K,0.75%,ETH
07/10/2024,"2,422.75","2,440.33","2,520.05","2,407.05",324.83K,-0.72%,ETH
06/10/2024,"2,440.33","2,414.98","2,455.95","2,407.13",120.24K,1.05%,ETH
05/10/2024,"2,414.98","2,414.44","2,427.34","2,390.08",114.50K,0.02%,ETH
04/10/2024,"2,414.43","2,349.67","2,440.74","2,339.97",263.74K,2.76%,ETH
03/10/2024,"2,349.67","2,365.53","2,402.68","2,311.68",344.36K,-0.67%,ETH
02/10/2024,"2,365.57","2,449.65","2,498.70","2,355.21",343.59K,-3.43%,ETH
01/10/2024,"2,449.67","2,602.30","2,656.71","2,422.11",535.54K,-5.91%,ETH
30/09/2024,"2,603.48","2,657.67","2,661.71","2,579.32",308.41K,-2.04%,ETH
29/09/2024,"2,657.67","2,675.71","2,683.73","2,634.69",171.03K,-0.67%,ETH
28/09/2024,"2,675.71","2,694.53","2,703.83","2,651.38",145.42K,-0.70%,ETH
27/09/2024,"2,694.53","2,632.05","2,726.69","2,616.01",304.78K,2.37%,ETH
26/09/2024,"2,632.05","2,580.29","2,664.95","2,560.48",311.52K,2.00%,ETH
25/09/2024,"2,580.34","2,652.47","2,672.17","2,557.82",244.76K,-2.72%,ETH
24/09/2024,"2,652.50","2,647.65","2,669.32","2,593.31",330.16K,0.18%,ETH
23/09/2024,"2,647.65","2,581.06","2,701.60","2,544.68",369.37K,2.53%,ETH
22/09/2024,"2,582.35","2,613.25","2,631.37","2,527.75",233.74K,-1.19%,ETH
21/09/2024,"2,613.35","2,561.29","2,619.81","2,530.28",184.26K,2.01%,ETH
20/09/2024,"2,561.79","2,464.52","2,570.58","2,438.98",411.52K,3.95%,ETH
19/09/2024,"2,464.49","2,374.95","2,491.54","2,373.22",383.18K,3.89%,ETH
18/09/2024,"2,372.18","2,341.83","2,372.54","2,278.97",346.21K,1.30%,ETH
17/09/2024,"2,341.82","2,295.72","2,392.33","2,264.52",324.97K,2.01%,ETH
16/09/2024,"2,295.72","2,317.04","2,334.45","2,254.52",385.30K,-0.92%,ETH
15/09/2024,"2,317.04","2,417.56","2,428.91","2,294.55",211.27K,-4.16%,ETH
14/09/2024,"2,417.56","2,439.29","2,440.40","2,384.99",154.06K,-0.92%,ETH
13/09/2024,"2,440.12","2,361.79","2,459.47","2,337.76",302.56K,3.32%,ETH
12/09/2024,"2,361.79","2,340.33","2,387.25","2,316.39",249.29K,0.92%,ETH
11/09/2024,"2,340.19","2,387.98","2,388.40","2,279.00",333.29K,-1.99%,ETH
10/09/2024,"2,387.71","2,359.55","2,397.10","2,323.91",263.70K,1.19%,ETH
09/09/2024,"2,359.60","2,296.24","2,377.64","2,274.51",375.74K,2.76%,ETH
08/09/2024,"2,296.19","2,273.70","2,331.99","2,243.34",233.21K,0.94%,ETH
07/09/2024,"2,274.87","2,225.69","2,310.57","2,222.93",259.55K,2.21%,ETH
06/09/2024,"2,225.72","2,368.86","2,407.07","2,151.80",723.22K,-6.06%,ETH
05/09/2024,"2,369.18","2,450.74","2,465.66","2,351.72",316.78K,-3.31%,ETH
04/09/2024,"2,450.18","2,423.41","2,488.86","2,317.85",422.18K,1.11%,ETH
03/09/2024,"2,423.40","2,538.35","2,551.94","2,419.89",250.97K,-4.53%,ETH
02/09/2024,"2,538.35","2,427.35","2,560.67","2,425.66",299.34K,4.57%,ETH
01/09/2024,"2,427.49","2,513.06","2,515.77","2,403.61",250.52K,-3.42%,ETH
31/08/2024,"2,513.56","2,525.47","2,532.93","2,493.84",115.17K,-0.47%,ETH
30/08/2024,"2,525.45","2,528.49","2,540.79","2,436.95",378.49K,-0.13%,ETH
29/08/2024,"2,528.72","2,527.78","2,594.63","2,509.17",270.41K,0.04%,ETH
28/08/2024,"2,527.73","2,457.92","2,553.02","2,421.79",515.14K,2.84%,ETH
27/08/2024,"2,457.99","2,680.18","2,699.73","2,396.02",477.20K,-8.29%,ETH
26/08/2024,"2,680.30","2,746.10","2,761.69","2,668.63",250.08K,-2.46%,ETH
25/08/2024,"2,747.99","2,768.90","2,792.11","2,734.78",175.38K,-0.74%,ETH
24/08/2024,"2,768.49","2,763.04","2,818.05","2,735.78",296.76K,0.20%,ETH
23/08/2024,"2,762.86","2,623.06","2,794.82","2,622.15",456.21K,5.33%,ETH
22/08/2024,"2,623.06","2,630.67","2,644.06","2,587.15",237.74K,-0.29%,ETH
21/08/2024,"2,630.67","2,572.74","2,659.21","2,541.32",303.58K,2.25%,ETH
20/08/2024,"2,572.90","2,637.10","2,692.61","2,557.87",342.51K,-2.43%,ETH
19/08/2024,"2,637.10","2,612.10","2,647.65","2,565.17",252.46K,0.96%,ETH
18/08/2024,"2,612.10","2,614.35","2,682.09","2,596.76",197.89K,-0.09%,ETH
17/08/2024,"2,614.35","2,592.38","2,626.62","2,588.44",104.83K,0.85%,ETH
16/08/2024,"2,592.38","2,569.90","2,627.47","2,552.92",305.13K,0.89%,ETH
15/08/2024,"2,569.44","2,662.95","2,675.13","2,525.00",387.82K,-3.51%,ETH
14/08/2024,"2,662.95","2,702.44","2,761.71","2,636.00",365.55K,-1.48%,ETH
13/08/2024,"2,702.95","2,722.66","2,737.55","2,612.80",351.28K,-0.72%,ETH
12/08/2024,"2,722.64","2,553.57","2,747.46","2,518.31",516.79K,6.62%,ETH
11/08/2024,"2,553.57","2,609.91","2,713.68","2,545.99",319.79K,-2.17%,ETH
10/08/2024,"2,610.24","2,598.79","2,640.46","2,579.59",186.39K,0.44%,ETH
09/08/2024,"2,598.90","2,682.25","2,703.80","2,556.98",443.65K,-3.16%,ETH
08/08/2024,"2,683.84","2,342.81","2,716.50","2,322.98",626.93K,14.80%,ETH
07/08/2024,"2,337.83","2,461.84","2,550.36","2,311.79",671.86K,-5.04%,ETH
06/08/2024,"2,461.92","2,415.98","2,548.23","2,415.98",691.59K,1.90%,ETH
05/08/2024,"2,415.99","2,688.59","2,696.91","2,166.31",2.81M,-10.14%,ETH
04/08/2024,"2,688.55","2,904.59","2,931.40","2,639.79",543.64K,-7.44%,ETH
03/08/2024,"2,904.59","2,990.32","3,017.57","2,863.44",371.14K,-2.87%,ETH
02/08/2024,"2,990.32","3,203.37","3,217.36","2,967.43",415.57K,-6.70%,ETH
01/08/2024,"3,204.93","3,231.81","3,242.07","3,082.01",350.33K,-0.83%,ETH
31/07/2024,"3,231.84","3,278.94","3,348.63","3,216.48",255.01K,-1.44%,ETH
30/07/2024,"3,278.94","3,318.24","3,366.02","3,237.67",210.28K,-1.18%,ETH
29/07/2024,"3,318.24","3,270.32","3,396.70","3,260.86",340.45K,1.47%,ETH
28/07/2024,"3,270.32","3,248.83","3,282.54","3,201.64",113.09K,0.72%,ETH
27/07/2024,"3,247.06","3,275.12","3,326.91","3,199.80",247.90K,-0.86%,ETH
26/07/2024,"3,275.12","3,175.52","3,285.72","3,173.08",281.13K,3.14%,ETH
25/07/2024,"3,175.52","3,335.33","3,342.15","3,089.07",524.98K,-4.79%,ETH
24/07/2024,"3,335.33","3,482.54","3,487.04","3,311.80",292.51K,-4.23%,ETH
23/07/2024,"3,482.54","3,440.01","3,537.89","3,396.70",521.07K,1.24%,ETH
22/07/2024,"3,440.01","3,535.55","3,559.66","3,424.86",219.41K,-2.70%,ETH
21/07/2024,"3,535.55","3,517.04","3,544.71","3,415.57",230.63K,0.53%,ETH
20/07/2024,"3,517.04","3,504.42","3,538.32","3,480.08",157.77K,0.36%,ETH
19/07/2024,"3,504.42","3,425.95","3,539.42","3,377.94",317.73K,2.29%,ETH
18/07/2024,"3,425.94","3,387.83","3,489.43","3,374.48",256.50K,1.13%,ETH
17/07/2024,"3,387.81","3,443.02","3,514.65","3,378.55",312.39K,-1.60%,ETH
16/07/2024,"3,442.99","3,483.50","3,494.60","3,347.85",392.52K,-1.20%,ETH
15/07/2024,"3,484.78","3,243.50","3,490.89","3,233.77",329.57K,7.44%,ETH
14/07/2024,"3,243.50","3,175.10","3,265.80","3,165.38",171.44K,2.15%,ETH
13/07/2024,"3,175.10","3,134.15","3,200.12","3,113.52",125.08K,1.33%,ETH
12/07/2024,"3,133.33","3,099.82","3,157.43","3,048.61",195.63K,1.08%,ETH
11/07/2024,"3,099.82","3,101.17","3,214.07","3,057.55",299.18K,-0.04%,ETH
10/07/2024,"3,101.17","3,065.11","3,149.76","3,026.42",281.44K,1.18%,ETH
09/07/2024,"3,065.11","3,019.64","3,108.63","3,004.62",292.94K,1.51%,ETH
08/07/2024,"3,019.64","2,930.48","3,084.20","2,826.32",517.87K,3.04%,ETH
07/07/2024,"2,930.48","3,068.79","3,072.32","2,923.63",194.87K,-4.51%,ETH
06/07/2024,"3,068.79","2,981.40","3,080.16","2,955.65",225.18K,2.93%,ETH
05/07/2024,"2,981.40","3,057.85","3,108.66","2,822.44",940.65K,-2.50%,ETH
04/07/2024,"3,057.81","3,295.13","3,313.23","3,052.15",510.41K,-7.20%,ETH
03/07/2024,"3,295.13","3,421.71","3,432.12","3,256.31",356.89K,-3.70%,ETH
02/07/2024,"3,421.71","3,442.66","3,463.90","3,402.98",149.31K,-0.61%,ETH
01/07/2024,"3,442.67","3,437.84","3,522.00","3,426.69",241.71K,0.14%,ETH
30/06/2024,"3,437.84","3,378.60","3,459.12","3,356.74",150.94K,1.75%,ETH
29/06/2024,"3,378.60","3,380.17","3,408.32","3,374.78",95.20K,-0.05%,ETH
28/06/2024,"3,380.15","3,450.45","3,487.12","3,369.65",238.05K,-2.04%,ETH
27/06/2024,"3,450.45","3,370.79","3,472.72","3,364.08",217.37K,2.37%,ETH
26/06/2024,"3,370.72","3,395.03","3,424.75","3,328.42",250.14K,-0.72%,ETH
25/06/2024,"3,395.03","3,352.26","3,424.88","3,337.14",275.47K,1.28%,ETH
24/06/2024,"3,352.29","3,420.83","3,433.89","3,245.76",601.35K,-2.00%,ETH
23/06/2024,"3,420.84","3,495.96","3,520.35","3,410.03",191.03K,-2.15%,ETH
22/06/2024,"3,495.87","3,518.03","3,520.80","3,476.08",158.47K,-0.63%,ETH
21/06/2024,"3,518.03","3,512.95","3,543.69","3,447.50",392.71K,0.15%,ETH
20/06/2024,"3,512.91","3,561.24","3,624.46","3,486.58",371.29K,-1.36%,ETH
19/06/2024,"3,561.30","3,484.57","3,585.80","3,466.82",346.10K,2.20%,ETH
18/06/2024,"3,484.55","3,511.52","3,515.87","3,373.14",480.08K,-0.77%,ETH
17/06/2024,"3,511.52","3,625.11","3,636.99","3,470.65",356.79K,-3.13%,ETH
16/06/2024,"3,625.11","3,568.74","3,650.11","3,541.46",156.55K,1.58%,ETH
15/06/2024,"3,568.72","3,481.75","3,592.84","3,474.26",256.22K,2.50%,ETH
14/06/2024,"3,481.84","3,470.16","3,530.94","3,368.09",339.90K,0.34%,ETH
13/06/2024,"3,470.15","3,559.95","3,561.15","3,433.13",316.98K,-2.52%,ETH
12/06/2024,"3,559.95","3,497.99","3,652.79","3,464.17",418.36K,1.77%,ETH
11/06/2024,"3,498.00","3,667.85","3,672.92","3,433.20",477.11K,-4.63%,ETH
10/06/2024,"3,667.85","3,706.32","3,711.90","3,650.33",165.29K,-1.04%,ETH
09/06/2024,"3,706.32","3,681.59","3,719.02","3,668.45",108.79K,0.67%,ETH
08/06/2024,"3,681.59","3,678.36","3,709.44","3,670.34",147.95K,0.09%,ETH
07/06/2024,"3,678.37","3,812.95","3,840.88","3,608.44",384.78K,-3.53%,ETH
06/06/2024,"3,812.95","3,865.15","3,878.28","3,765.23",251.82K,-1.35%,ETH
05/06/2024,"3,865.14","3,810.35","3,885.15","3,778.13",288.18K,1.44%,ETH
04/06/2024,"3,810.35","3,767.10","3,831.41","3,743.11",247.96K,1.15%,ETH
03/06/2024,"3,767.10","3,782.06","3,849.47","3,759.07",262.39K,-0.40%,ETH
02/06/2024,"3,782.08","3,815.95","3,838.34","3,753.62",219.62K,-0.89%,ETH
01/06/2024,"3,815.95","3,762.63","3,832.35","3,753.32",143.81K,1.42%,ETH
31/05/2024,"3,762.66","3,747.89","3,844.96","3,724.57",294.56K,0.40%,ETH
30/05/2024,"3,747.55","3,767.22","3,824.94","3,703.74",293.81K,-0.58%,ETH
29/05/2024,"3,769.57","3,845.56","3,886.44","3,745.72",353.25K,-1.98%,ETH
28/05/2024,"3,845.56","3,894.33","3,929.21","3,775.08",436.24K,-1.25%,ETH
27/05/2024,"3,894.33","3,825.99","3,976.00","3,824.33",393.85K,1.79%,ETH
26/05/2024,"3,826.02","3,749.28","3,881.62","3,733.77",313.07K,2.05%,ETH
25/05/2024,"3,749.28","3,728.32","3,776.75","3,709.70",170.39K,0.57%,ETH
24/05/2024,"3,728.21","3,785.61","3,829.13","3,635.18",514.00K,-1.52%,ETH
23/05/2024,"3,785.65","3,739.07","3,941.42","3,645.49",1.19M,1.25%,ETH
22/05/2024,"3,739.08","3,790.42","3,810.50","3,654.54",597.46K,-1.36%,ETH
21/05/2024,"3,790.46","3,661.04","3,833.07","3,630.71",1.01M,3.53%,ETH
20/05/2024,"3,661.07","3,072.07","3,679.47","3,048.33",899.51K,19.17%,ETH
19/05/2024,"3,072.08","3,122.87","3,135.99","3,058.31",170.99K,-1.63%,ETH
18/05/2024,"3,122.87","3,092.09","3,145.59","3,084.73",205.74K,0.97%,ETH
17/05/2024,"3,092.75","2,944.99","3,116.65","2,933.39",369.55K,5.02%,ETH
16/05/2024,"2,944.99","3,032.64","3,040.62","2,924.20",306.25K,-2.96%,ETH
15/05/2024,"3,034.71","2,881.99","3,041.11","2,864.50",363.90K,5.30%,ETH
14/05/2024,"2,881.99","2,951.01","2,958.94","2,866.00",279.49K,-2.34%,ETH
13/05/2024,"2,951.01","2,929.36","2,993.23","2,865.08",381.30K,0.74%,ETH
12/05/2024,"2,929.35","2,912.56","2,953.92","2,903.16",111.77K,0.58%,ETH
11/05/2024,"2,912.56","2,909.86","2,943.58","2,889.62",144.62K,0.09%,ETH
10/05/2024,"2,909.86","3,036.32","3,052.94","2,882.82",355.90K,-4.16%,ETH
09/05/2024,"3,036.32","2,974.92","3,057.07","2,953.21",248.78K,2.06%,ETH
08/05/2024,"2,974.94","3,006.32","3,036.79","2,941.71",283.76K,-1.04%,ETH
07/05/2024,"3,006.36","3,062.03","3,128.32","3,004.04",315.01K,-1.82%,ETH
06/05/2024,"3,062.03","3,136.40","3,220.04","3,048.65",377.37K,-2.37%,ETH
05/05/2024,"3,136.40","3,117.14","3,170.63","3,074.55",229.16K,0.62%,ETH
04/05/2024,"3,117.23","3,102.25","3,146.74","3,095.58",205.59K,0.48%,ETH
03/05/2024,"3,102.25","2,987.11","3,125.81","2,958.98",381.95K,3.85%,ETH
02/05/2024,"2,987.12","2,973.30","3,014.55","2,897.11",387.64K,0.47%,ETH
01/05/2024,"2,973.27","3,014.38","3,023.06","2,819.19",672.37K,-1.36%,ETH
30/04/2024,"3,014.41","3,216.85","3,250.44","2,927.77",591.88K,-6.28%,ETH
29/04/2024,"3,216.29","3,261.72","3,286.75","3,119.56",438.13K,-1.39%,ETH
28/04/2024,"3,261.69","3,255.57","3,347.45","3,250.66",318.13K,0.19%,ETH
27/04/2024,"3,255.57","3,131.42","3,282.99","3,073.79",334.66K,3.98%,ETH
26/04/2024,"3,130.90","3,155.83","3,165.94","3,104.77",263.09K,-0.79%,ETH
25/04/2024,"3,155.83","3,141.03","3,189.11","3,078.65",369.13K,0.47%,ETH
24/04/2024,"3,141.03","3,220.11","3,292.31","3,111.91",409.83K,-2.46%,ETH
23/04/2024,"3,220.13","3,200.28","3,262.50","3,153.81",265.42K,0.61%,ETH
22/04/2024,"3,200.62","3,147.84","3,233.84","3,130.24",306.74K,1.68%,ETH
21/04/2024,"3,147.83","3,156.62","3,195.43","3,116.85",234.07K,-0.28%,ETH
20/04/2024,"3,156.63","3,056.51","3,168.90","3,020.82",256.05K,3.29%,ETH
19/04/2024,"3,056.23","3,064.49","3,122.51","2,871.82",645.65K,-0.27%,ETH
18/04/2024,"3,064.48","2,985.82","3,089.53","2,955.31",423.99K,2.63%,ETH
17/04/2024,"2,985.82","3,083.42","3,123.68","2,917.59",524.88K,-3.17%,ETH
16/04/2024,"3,083.43","3,100.98","3,125.19","2,998.17",560.47K,-0.56%,ETH
15/04/2024,"3,100.94","3,152.65","3,273.03","3,030.76",654.92K,-1.64%,ETH
14/04/2024,"3,152.65","3,005.96","3,168.52","2,913.83",799.68K,4.93%,ETH
13/04/2024,"3,004.44","3,237.16","3,296.69","2,863.89",1.06M,-7.27%,ETH
12/04/2024,"3,239.86","3,502.55","3,551.22","3,150.92",739.63K,-7.50%,ETH
11/04/2024,"3,502.55","3,545.16","3,615.24","3,479.15",349.38K,-1.20%,ETH
10/04/2024,"3,545.16","3,506.95","3,560.13","3,419.12",404.41K,1.09%,ETH
09/04/2024,"3,506.96","3,694.92","3,723.75","3,459.79",482.49K,-5.09%,ETH
08/04/2024,"3,694.93","3,454.17","3,727.87","3,409.58",538.85K,6.97%,ETH
07/04/2024,"3,454.17","3,351.99","3,459.43","3,344.89",217.80K,3.05%,ETH
06/04/2024,"3,352.03","3,317.84","3,394.80","3,307.23",190.08K,1.03%,ETH
05/04/2024,"3,317.84","3,327.45","3,344.17","3,212.89",359.70K,-0.29%,ETH
04/04/2024,"3,327.45","3,310.82","3,435.57","3,254.31",371.23K,0.51%,ETH
03/04/2024,"3,310.62","3,278.01","3,366.75","3,203.21",426.57K,1.00%,ETH
02/04/2024,"3,277.99","3,502.84","3,505.39","3,216.48",647.13K,-6.42%,ETH
01/04/2024,"3,502.82","3,647.08","3,647.08","3,421.96",422.72K,-3.96%,ETH
31/03/2024,"3,647.09","3,506.82","3,652.97","3,505.17",252.38K,4.00%,ETH
30/03/2024,"3,506.83","3,509.76","3,564.04","3,487.64",224.95K,-0.08%,ETH
29/03/2024,"3,509.76","3,559.43","3,583.18","3,475.04",334.49K,-1.40%,ETH
28/03/2024,"3,559.43","3,500.43","3,609.66","3,470.62",416.69K,1.69%,ETH
27/03/2024,"3,500.43","3,587.48","3,661.91","3,462.44",460.87K,-2.43%,ETH
26/03/2024,"3,587.50","3,590.62","3,677.24","3,544.55",520.43K,-0.09%,ETH
25/03/2024,"3,590.62","3,455.35","3,651.30","3,421.09",584.66K,3.92%,ETH
24/03/2024,"3,455.33","3,332.87","3,469.66","3,300.74",270.03K,3.67%,ETH
23/03/2024,"3,332.90","3,334.19","3,430.04","3,275.78",334.86K,-0.04%,ETH
22/03/2024,"3,334.12","3,492.89","3,541.65","3,254.56",589.84K,-4.55%,ETH
21/03/2024,"3,493.23","3,514.73","3,583.02","3,413.60",638.79K,-0.61%,ETH
20/03/2024,"3,514.73","3,165.07","3,531.37","3,063.60",1.26M,11.04%,ETH
19/03/2024,"3,165.20","3,520.32","3,546.23","3,151.42",1.11M,-10.09%,ETH
18/03/2024,"3,520.30","3,644.77","3,644.77","3,454.94",588.48K,-3.42%,ETH
17/03/2024,"3,644.78","3,523.66","3,678.07","3,421.42",549.29K,3.44%,ETH
16/03/2024,"3,523.68","3,741.16","3,778.60","3,476.82",567.02K,-5.81%,ETH
15/03/2024,"3,741.12","3,881.70","3,931.33","3,591.51",981.71K,-3.68%,ETH
14/03/2024,"3,883.94","4,004.30","4,009.92","3,729.51",672.52K,-3.01%,ETH
13/03/2024,"4,004.29","3,979.30","4,078.48","3,935.60",503.46K,0.63%,ETH
12/03/2024,"3,979.30","4,065.15","4,091.28","3,843.45",685.77K,-2.11%,ETH
11/03/2024,"4,065.02","3,878.47","4,081.72","3,756.39",767.30K,4.81%,ETH
10/03/2024,"3,878.47","3,905.17","3,961.94","3,793.64",372.52K,-0.68%,ETH
09/03/2024,"3,905.17","3,883.20","3,941.34","3,872.96",265.43K,0.57%,ETH
08/03/2024,"3,883.20","3,868.75","3,991.89","3,825.16",686.06K,0.35%,ETH
07/03/2024,"3,869.69","3,814.56","3,932.77","3,736.33",568.32K,1.45%,ETH
06/03/2024,"3,814.56","3,555.94","3,899.99","3,503.51",1.02M,7.27%,ETH
05/03/2024,"3,556.03","3,626.39","3,819.79","3,237.28",1.48M,-1.94%,ETH
04/03/2024,"3,626.34","3,488.67","3,638.10","3,445.47",769.53K,3.95%,ETH
03/03/2024,"3,488.67","3,420.64","3,491.53","3,364.44",363.55K,1.99%,ETH
02/03/2024,"3,420.64","3,433.51","3,459.96","3,395.03",296.91K,-0.37%,ETH
01/03/2024,"3,433.51","3,339.25","3,449.56","3,339.24",431.98K,2.82%,ETH
29/02/2024,"3,339.26","3,382.98","3,520.80","3,300.42",802.17K,-1.29%,ETH
28/02/2024,"3,383.03","3,242.44","3,482.48","3,183.92",1.01M,4.35%,ETH
27/02/2024,"3,242.14","3,175.94","3,285.01","3,165.91",674.56K,2.08%,ETH
26/02/2024,"3,175.94","3,112.59","3,193.67","3,038.00",582.39K,2.04%,ETH
25/02/2024,"3,112.59","2,992.29","3,117.59","2,984.29",450.78K,4.02%,ETH
24/02/2024,"2,992.29","2,922.24","3,005.95","2,907.23",251.89K,2.40%,ETH
23/02/2024,"2,922.24","2,972.47","2,992.80","2,906.43",441.33K,-1.69%,ETH
22/02/2024,"2,972.46","2,971.18","3,031.76","2,907.22",595.92K,0.04%,ETH
21/02/2024,"2,971.18","3,015.38","3,016.76","2,871.88",620.51K,-1.47%,ETH
20/02/2024,"3,015.38","2,944.79","3,030.61","2,879.82",674.55K,2.40%,ETH
19/02/2024,"2,944.80","2,880.16","2,983.48","2,859.82",478.68K,2.25%,ETH
18/02/2024,"2,880.10","2,785.90","2,892.79","2,765.97",391.11K,3.38%,ETH
17/02/2024,"2,785.90","2,801.80","2,804.17","2,721.21",251.97K,-0.57%,ETH
16/02/2024,"2,801.80","2,822.59","2,856.76","2,759.52",401.19K,-0.74%,ETH
15/02/2024,"2,822.59","2,775.12","2,864.41","2,760.98",520.70K,1.71%,ETH
14/02/2024,"2,775.12","2,640.12","2,785.51","2,619.77",491.97K,5.11%,ETH
13/02/2024,"2,640.10","2,657.91","2,686.14","2,597.15",530.99K,-0.67%,ETH
12/02/2024,"2,657.87","2,506.69","2,663.57","2,473.54",477.42K,6.03%,ETH
11/02/2024,"2,506.69","2,500.28","2,537.85","2,493.83",230.91K,0.26%,ETH
10/02/2024,"2,500.28","2,486.24","2,515.95","2,472.92",194.43K,0.56%,ETH
09/02/2024,"2,486.24","2,419.56","2,522.96","2,419.16",540.92K,2.76%,ETH
08/02/2024,"2,419.56","2,424.66","2,461.00","2,412.01",350.33K,-0.21%,ETH
07/02/2024,"2,424.64","2,372.65","2,443.71","2,354.46",355.40K,2.19%,ETH
06/02/2024,"2,372.65","2,301.83","2,390.53","2,299.24",381.23K,3.08%,ETH
05/02/2024,"2,301.83","2,289.78","2,336.63","2,271.28",244.98K,0.53%,ETH
04/02/2024,"2,289.78","2,296.50","2,310.34","2,272.02",180.39K,-0.29%,ETH
03/02/2024,"2,296.50","2,309.28","2,329.50","2,293.10",137.80K,-0.55%,ETH
02/02/2024,"2,309.28","2,304.28","2,324.57","2,282.87",246.89K,0.22%,ETH
01/02/2024,"2,304.28","2,283.14","2,311.31","2,240.79",323.61K,0.93%,ETH
31/01/2024,"2,283.14","2,343.11","2,350.80","2,266.80",408.79K,-2.56%,ETH
30/01/2024,"2,343.11","2,317.79","2,389.23","2,298.85",387.12K,1.09%,ETH
29/01/2024,"2,317.79","2,256.92","2,320.97","2,237.69",318.84K,2.70%,ETH
28/01/2024,"2,256.92","2,267.91","2,306.43","2,240.14",216.93K,-0.48%,ETH
27/01/2024,"2,267.91","2,267.56","2,282.16","2,252.31",151.26K,0.02%,ETH
26/01/2024,"2,267.55","2,217.71","2,280.83","2,195.88",377.79K,2.25%,ETH
25/01/2024,"2,217.71","2,234.64","2,242.85","2,173.82",344.11K,-0.76%,ETH
24/01/2024,"2,234.64","2,243.72","2,264.66","2,198.89",373.25K,-0.41%,ETH
23/01/2024,"2,243.74","2,313.65","2,351.18","2,169.54",750.52K,-3.02%,ETH
22/01/2024,"2,313.64","2,457.06","2,465.97","2,304.06",560.84K,-5.84%,ETH
21/01/2024,"2,457.06","2,472.04","2,481.63","2,453.48",126.52K,-0.61%,ETH
20/01/2024,"2,472.03","2,491.81","2,491.81","2,455.07",143.98K,-0.79%,ETH
19/01/2024,"2,491.81","2,469.77","2,504.09","2,418.61",443.42K,0.89%,ETH
18/01/2024,"2,469.77","2,531.26","2,548.79","2,430.97",467.22K,-2.43%,ETH
17/01/2024,"2,531.26","2,588.63","2,592.88","2,510.00",380.90K,-2.22%,ETH
16/01/2024,"2,588.64","2,511.95","2,613.71","2,501.00",395.07K,3.05%,ETH
15/01/2024,"2,511.94","2,473.96","2,553.24","2,472.69",332.15K,1.54%,ETH
14/01/2024,"2,473.96","2,578.36","2,578.37","2,470.21",316.45K,-4.05%,ETH
13/01/2024,"2,578.36","2,523.99","2,589.98","2,498.48",436.91K,2.15%,ETH
12/01/2024,"2,523.98","2,618.08","2,712.88","2,462.93",931.96K,-3.59%,ETH
11/01/2024,"2,618.08","2,581.90","2,688.26","2,567.55",889.36K,1.41%,ETH
10/01/2024,"2,581.79","2,344.29","2,629.68","2,342.21",1.12M,10.11%,ETH
09/01/2024,"2,344.67","2,330.99","2,369.60","2,229.25",588.19K,0.59%,ETH
08/01/2024,"2,330.98","2,221.40","2,357.14","2,167.42",565.23K,4.93%,ETH
07/01/2024,"2,221.40","2,240.49","2,254.70","2,209.46",216.41K,-0.85%,ETH
06/01/2024,"2,240.49","2,268.14","2,269.65","2,217.05",202.82K,-1.22%,ETH
05/01/2024,"2,268.12","2,267.29","2,275.25","2,207.40",426.01K,0.04%,ETH
04/01/2024,"2,267.27","2,209.49","2,293.17","2,202.99",467.01K,2.62%,ETH
03/01/2024,"2,209.49","2,355.28","2,383.92","2,122.78",852.01K,-6.19%,ETH
02/01/2024,"2,355.27","2,352.06","2,430.53","2,347.62",491.56K,0.14%,ETH
01/01/2024,"2,352.03","2,281.89","2,352.03","2,266.75",229.28K,3.07%,ETH
27/10/2024,"67,043.9","67,084.7","67,119.5","66,924.6",35.26K,-0.06%,BTC
26/10/2024,"67,086.8","66,694.5","67,408.4","66,443.8",42.05K,0.58%,BTC
25/10/2024,"66,696.8","68,191.9","68,756.8","65,644.2",110.51K,-2.19%,BTC
24/10/2024,"68,191.5","66,659.2","68,831.8","66,510.6",82.78K,2.29%,BTC
23/10/2024,"66,663.7","67,428.6","67,441.1","65,246.7",84.99K,-1.13%,BTC
22/10/2024,"67,427.3","67,370.8","67,815.3","66,609.4",86.76K,0.08%,BTC
21/10/2024,"67,371.3","69,030.5","69,490.8","66,845.5",109.28K,-2.40%,BTC
20/10/2024,"69,030.5","68,373.3","69,386.4","67,443.9",44.92K,0.96%,BTC
19/10/2024,"68,372.0","68,426.4","68,688.8","68,025.5",33.29K,-0.07%,BTC
18/10/2024,"68,423.1","67,416.5","68,990.3","67,190.9",99.20K,1.49%,BTC
17/10/2024,"67,418.4","67,618.1","67,933.5","66,677.3",84.68K,-0.30%,BTC
16/10/2024,"67,617.9","67,075.1","68,389.4","66,766.6",98.30K,0.81%,BTC
15/10/2024,"67,077.5","66,084.1","67,821.9","64,850.6",136.72K,1.51%,BTC
14/10/2024,"66,081.7","62,870.7","66,476.6","62,463.7",122.09K,5.11%,BTC
13/10/2024,"62,870.9","63,205.4","63,284.6","62,054.2",42.26K,-0.53%,BTC
12/10/2024,"63,205.1","62,506.6","63,463.1","62,486.1",40.91K,1.13%,BTC
11/10/2024,"62,499.4","60,317.5","63,385.1","60,080.6",86.38K,3.62%,BTC
10/10/2024,"60,316.2","60,628.9","61,304.6","59,075.7",83.86K,-0.52%,BTC
09/10/2024,"60,628.8","62,157.0","62,537.0","60,355.5",68.79K,-2.46%,BTC
08/10/2024,"62,157.0","62,226.9","63,196.6","61,883.2",63.75K,-0.14%,BTC
07/10/2024,"62,245.6","62,819.8","64,449.3","62,175.8",86.27K,-0.91%,BTC
06/10/2024,"62,819.4","62,062.0","62,934.5","61,495.4",31.72K,1.22%,BTC
05/10/2024,"62,061.4","62,085.5","62,366.8","61,705.7",30.15K,-0.03%,BTC
04/10/2024,"62,081.0","60,751.4","62,471.7","60,469.3",72.71K,2.19%,BTC
03/10/2024,"60,751.2","60,642.0","61,468.9","59,904.4",82.43K,0.17%,BTC
02/10/2024,"60,645.7","60,834.2","62,339.8","60,002.7",98.94K,-0.31%,BTC
01/10/2024,"60,835.5","63,329.9","64,125.3","60,195.9",134.93K,-3.95%,BTC
30/09/2024,"63,339.2","65,607.0","65,607.0","62,901.1",101.70K,-3.46%,BTC
29/09/2024,"65,607.1","65,862.8","66,065.7","65,436.8",32.60K,-0.39%,BTC
28/09/2024,"65,866.5","65,775.6","66,232.5","65,438.1",35.00K,0.14%,BTC
27/09/2024,"65,776.3","65,168.8","66,440.7","64,839.2",80.55K,0.92%,BTC
26/09/2024,"65,175.7","63,157.2","65,770.9","62,693.3",96.06K,3.20%,BTC
25/09/2024,"63,156.5","64,262.9","64,788.4","62,952.8",62.72K,-1.71%,BTC
24/09/2024,"64,256.8","63,335.9","64,664.1","62,740.8",76.71K,1.46%,BTC
23/09/2024,"63,331.8","63,575.4","64,723.4","62,650.0",75.66K,-0.38%,BTC
22/09/2024,"63,572.7","63,351.2","63,998.2","62,394.6",48.86K,0.35%,BTC
21/09/2024,"63,348.1","63,201.2","63,526.3","62,778.6",33.20K,0.23%,BTC
20/09/2024,"63,201.2","62,942.4","64,085.1","62,367.1",90.65K,0.42%,BTC
19/09/2024,"62,938.6","61,754.8","63,849.6","61,596.5",120.17K,1.91%,BTC
18/09/2024,"61,757.6","60,308.5","61,757.6","59,210.7",105.57K,2.40%,BTC
17/09/2024,"60,309.1","58,213.1","61,309.0","57,630.2",106.30K,3.60%,BTC
16/09/2024,"58,213.1","59,126.2","59,204.3","57,527.8",87.60K,-1.56%,BTC
15/09/2024,"59,138.5","59,995.6","60,377.6","58,717.9",47.01K,-1.43%,BTC
14/09/2024,"59,995.4","60,514.8","60,609.4","59,494.3",44.47K,-0.85%,BTC
13/09/2024,"60,511.6","58,134.4","60,625.4","57,656.8",102.12K,4.09%,BTC
12/09/2024,"58,134.5","57,335.5","58,484.1","57,329.6",98.42K,1.39%,BTC
11/09/2024,"57,338.7","57,638.0","57,975.9","55,576.6",102.15K,-0.51%,BTC
10/09/2024,"57,635.0","57,045.6","58,019.9","56,415.3",77.65K,1.03%,BTC
09/09/2024,"57,049.6","54,868.0","57,956.7","54,595.4",105.33K,3.99%,BTC
08/09/2024,"54,861.3","54,161.4","55,292.7","53,642.4",51.99K,1.30%,BTC
07/09/2024,"54,156.5","53,965.0","54,819.2","53,754.3",58.11K,0.35%,BTC
06/09/2024,"53,966.8","56,179.7","56,969.1","52,644.6",155.84K,-3.94%,BTC
05/09/2024,"56,183.2","57,970.7","58,318.9","55,744.6",90.36K,-3.09%,BTC
04/09/2024,"57,973.4","57,490.4","58,508.8","55,732.1",108.44K,0.86%,BTC
03/09/2024,"57,479.8","59,133.7","59,799.7","57,436.9",74.77K,-2.80%,BTC
02/09/2024,"59,134.0","57,309.0","59,416.6","57,185.8",73.18K,3.17%,BTC
01/09/2024,"57,315.7","58,975.7","59,058.7","57,232.4",63.95K,-2.82%,BTC
31/08/2024,"58,978.6","59,120.4","59,447.0","58,761.1",30.86K,-0.24%,BTC
30/08/2024,"59,119.7","59,371.7","59,817.6","57,874.7",87.31K,-0.43%,BTC
29/08/2024,"59,373.5","59,027.3","61,150.6","58,807.1",87.19K,0.61%,BTC
28/08/2024,"59,016.0","59,425.6","60,198.4","57,912.1",109.47K,-0.73%,BTC
27/08/2024,"59,450.9","62,832.2","63,201.4","58,187.3",108.53K,-5.40%,BTC
26/08/2024,"62,846.2","64,240.7","64,472.5","62,841.1",68.89K,-2.22%,BTC
25/08/2024,"64,273.2","64,160.7","64,939.2","63,796.6",41.61K,0.18%,BTC
24/08/2024,"64,159.3","64,061.7","64,458.9","63,579.5",54.14K,0.17%,BTC
23/08/2024,"64,053.1","60,374.7","64,830.1","60,354.4",125.50K,6.10%,BTC
22/08/2024,"60,372.2","61,158.3","61,399.7","59,815.8",74.39K,-1.29%,BTC
21/08/2024,"61,158.1","59,010.0","61,812.0","58,831.1",91.31K,3.65%,BTC
20/08/2024,"59,005.8","59,470.3","61,331.6","58,612.0",69.77K,-0.78%,BTC
19/08/2024,"59,470.9","58,445.8","59,598.5","57,872.0",49.19K,1.75%,BTC
18/08/2024,"58,446.3","59,485.4","60,216.3","58,436.1",30.82K,-1.74%,BTC
17/08/2024,"59,483.1","58,877.8","59,659.5","58,825.5",18.51K,1.03%,BTC
16/08/2024,"58,877.2","57,545.1","59,817.3","57,129.1",64.01K,2.33%,BTC
15/08/2024,"57,534.6","58,710.1","59,831.4","56,275.7",81.47K,-2.00%,BTC
14/08/2024,"58,707.8","60,594.6","61,543.0","58,491.2",64.79K,-3.11%,BTC
13/08/2024,"60,595.2","59,350.2","61,537.0","58,492.4",62.92K,2.10%,BTC
12/08/2024,"59,350.0","58,711.7","60,606.2","57,689.0",79.31K,1.08%,BTC
11/08/2024,"58,713.3","60,929.8","61,677.3","58,388.7",41.06K,-3.64%,BTC
10/08/2024,"60,931.7","60,844.5","61,344.5","60,264.2",22.91K,0.13%,BTC
09/08/2024,"60,850.6","61,697.8","61,712.3","59,570.2",69.55K,-1.38%,BTC
08/08/2024,"61,699.7","55,112.8","62,563.5","54,786.9",109.77K,11.94%,BTC
07/08/2024,"55,120.9","56,049.9","57,669.6","54,598.5",94.52K,-1.67%,BTC
06/08/2024,"56,057.8","54,010.8","57,025.6","53,998.2",113.89K,3.85%,BTC
05/08/2024,"53,979.0","58,142.9","58,291.4","49,486.9",333.46K,-7.16%,BTC
04/08/2024,"58,141.8","60,700.2","61,086.5","57,346.9",72.71K,-4.21%,BTC
03/08/2024,"60,696.7","61,480.8","62,184.2","59,914.6",65.74K,-1.27%,BTC
02/08/2024,"61,478.7","65,351.8","65,567.1","61,242.3",93.89K,-5.96%,BTC
01/08/2024,"65,372.9","64,625.7","65,587.9","62,303.9",84.20K,1.16%,BTC
31/07/2024,"64,626.0","66,185.4","66,825.6","64,538.3",51.52K,-2.36%,BTC
30/07/2024,"66,184.9","66,796.1","66,998.3","65,328.7",54.43K,-0.92%,BTC
29/07/2024,"66,798.7","68,256.3","70,000.2","66,544.5",85.67K,-2.14%,BTC
28/07/2024,"68,256.3","67,888.9","68,291.9","67,067.8",26.17K,0.61%,BTC
27/07/2024,"67,843.1","67,910.8","69,387.6","66,776.8",67.99K,-0.10%,BTC
26/07/2024,"67,908.6","65,799.7","68,205.0","65,764.3",59.13K,3.21%,BTC
25/07/2024,"65,799.3","65,363.9","66,088.6","63,500.9",77.46K,0.66%,BTC
24/07/2024,"65,370.5","65,936.8","67,072.1","65,155.2",52.47K,-0.86%,BTC
23/07/2024,"65,937.8","67,550.4","67,750.2","65,512.9",69.58K,-2.39%,BTC
22/07/2024,"67,553.6","68,158.4","68,468.9","66,601.8",54.88K,-0.89%,BTC
21/07/2024,"68,158.7","67,147.8","68,352.9","65,825.6",47.19K,1.50%,BTC
20/07/2024,"67,148.5","66,677.0","67,586.4","66,257.4",32.94K,0.71%,BTC
19/07/2024,"66,677.4","63,981.2","67,390.4","63,326.1",82.87K,4.22%,BTC
18/07/2024,"63,980.5","64,090.4","65,102.0","63,253.5",51.27K,-0.17%,BTC
17/07/2024,"64,089.2","65,052.8","66,051.5","63,897.5",66.11K,-1.48%,BTC
16/07/2024,"65,049.7","64,749.2","65,319.5","62,430.8",93.63K,0.41%,BTC
15/07/2024,"64,782.4","60,794.7","64,869.5","60,678.8",96.02K,6.56%,BTC
14/07/2024,"60,794.9","59,207.9","61,326.9","59,207.9",47.48K,2.68%,BTC
13/07/2024,"59,209.8","57,897.4","59,826.5","57,770.6",34.28K,2.29%,BTC
12/07/2024,"57,885.1","57,338.3","58,520.9","56,575.7",56.84K,0.96%,BTC
11/07/2024,"57,337.3","57,745.9","59,404.4","57,095.0",66.40K,-0.71%,BTC
10/07/2024,"57,746.7","58,040.2","59,393.8","57,185.3",59.60K,-0.50%,BTC
09/07/2024,"58,039.4","56,721.3","58,234.0","56,306.3",64.25K,2.32%,BTC
08/07/2024,"56,724.7","55,850.2","58,115.8","54,320.0",102.91K,1.55%,BTC
07/07/2024,"55,861.1","58,240.2","58,394.6","55,756.3",41.12K,-4.12%,BTC
06/07/2024,"58,259.2","56,640.0","58,462.0","56,026.8",46.91K,2.86%,BTC
05/07/2024,"56,641.8","57,025.7","57,471.1","53,883.4",175.51K,-0.67%,BTC
04/07/2024,"57,026.3","60,201.4","60,463.0","56,812.7",116.38K,-5.27%,BTC
03/07/2024,"60,199.3","62,104.9","62,263.6","59,466.6",73.34K,-3.07%,BTC
02/07/2024,"62,103.3","62,888.3","63,257.0","61,797.6",46.52K,-1.25%,BTC
01/07/2024,"62,890.1","62,768.8","63,842.1","62,558.0",59.94K,0.22%,BTC
30/06/2024,"62,754.3","60,973.1","63,006.6","60,703.7",37.21K,2.92%,BTC
29/06/2024,"60,973.4","60,403.7","61,192.8","60,382.8",26.56K,0.94%,BTC
28/06/2024,"60,403.3","61,684.6","62,175.4","60,081.9",58.95K,-2.08%,BTC
27/06/2024,"61,685.3","60,848.3","62,351.2","60,629.4",48.79K,1.37%,BTC
26/06/2024,"60,849.4","61,809.9","62,469.4","60,715.1",54.95K,-1.55%,BTC
25/06/2024,"61,809.4","60,292.0","62,266.0","60,262.2",77.28K,2.52%,BTC
24/06/2024,"60,292.7","63,201.6","63,357.1","58,589.9",120.60K,-4.59%,BTC
23/06/2024,"63,196.2","64,261.0","64,518.9","63,195.3",19.94K,-1.66%,BTC
22/06/2024,"64,261.0","64,131.9","64,523.9","63,944.0",17.55K,0.21%,BTC
21/06/2024,"64,128.5","64,854.3","65,054.9","63,427.9",60.86K,-1.12%,BTC
20/06/2024,"64,854.3","64,982.1","66,474.2","64,566.7",56.24K,-0.19%,BTC
19/06/2024,"64,980.9","65,159.8","65,706.4","64,705.6",42.96K,-0.27%,BTC
18/06/2024,"65,159.9","66,495.7","66,571.2","64,098.4",93.72K,-2.01%,BTC
17/06/2024,"66,498.8","66,672.9","67,253.8","65,115.4",66.09K,-0.26%,BTC
16/06/2024,"66,674.7","66,223.0","66,951.4","66,038.1",20.74K,0.68%,BTC
15/06/2024,"66,223.0","66,034.1","66,446.4","65,895.1",24.05K,0.29%,BTC
14/06/2024,"66,034.8","66,775.2","67,347.7","65,076.5",65.18K,-1.11%,BTC
13/06/2024,"66,773.1","68,260.6","68,384.6","66,324.3",66.36K,-2.18%,BTC
12/06/2024,"68,260.1","67,320.9","69,990.8","66,911.5",85.55K,1.40%,BTC
11/06/2024,"67,319.8","69,537.9","69,573.3","66,197.8",96.70K,-3.19%,BTC
10/06/2024,"69,538.2","69,650.2","70,152.5","69,259.9",39.12K,-0.16%,BTC
09/06/2024,"69,650.6","69,310.5","69,847.8","69,136.7",20.99K,0.49%,BTC
08/06/2024,"69,310.1","69,347.0","69,572.1","69,222.4",23.03K,-0.05%,BTC
07/06/2024,"69,347.9","70,793.4","71,956.5","68,620.7",82.62K,-2.04%,BTC
06/06/2024,"70,791.5","71,083.6","71,616.1","70,178.7",49.79K,-0.41%,BTC
05/06/2024,"71,083.7","70,550.9","71,744.4","70,397.1",67.06K,0.76%,BTC
04/06/2024,"70,549.2","68,808.0","71,034.2","68,564.3",75.69K,2.53%,BTC
03/06/2024,"68,807.8","67,763.3","70,131.0","67,616.8",69.42K,1.53%,BTC
02/06/2024,"67,773.5","67,760.8","68,447.5","67,330.6",30.63K,0.02%,BTC
01/06/2024,"67,760.8","67,533.9","67,861.0","67,449.6",19.01K,0.34%,BTC
31/05/2024,"67,530.1","68,352.3","69,018.2","66,676.8",61.51K,-1.21%,BTC
30/05/2024,"68,354.7","67,631.3","69,504.7","67,138.4",66.84K,1.06%,BTC
29/05/2024,"67,635.8","68,366.2","68,897.6","67,143.2",52.13K,-1.07%,BTC
28/05/2024,"68,366.0","69,428.3","69,560.7","67,299.9",71.39K,-1.53%,BTC
27/05/2024,"69,428.7","68,514.6","70,638.3","68,275.2",49.07K,1.33%,BTC
26/05/2024,"68,514.8","69,287.2","69,494.0","68,294.5",24.58K,-1.11%,BTC
25/05/2024,"69,284.4","68,548.2","69,558.8","68,516.1",25.17K,1.07%,BTC
24/05/2024,"68,547.6","67,971.1","69,212.0","66,685.8",63.28K,0.84%,BTC
23/05/2024,"67,975.7","69,166.3","70,041.0","66,578.1",89.45K,-1.71%,BTC
22/05/2024,"69,155.4","70,141.0","70,593.4","69,024.3",65.08K,-1.40%,BTC
21/05/2024,"70,139.9","71,430.5","71,872.0","69,181.7",108.56K,-1.80%,BTC
20/05/2024,"71,422.7","66,278.3","71,482.8","66,076.5",112.66K,7.76%,BTC
19/05/2024,"66,279.1","66,919.0","67,662.5","65,937.3",36.19K,-0.95%,BTC
18/05/2024,"66,917.5","67,036.6","67,361.4","66,636.1",29.68K,-0.18%,BTC
17/05/2024,"67,036.8","65,231.1","67,420.7","65,121.7",63.09K,2.77%,BTC
16/05/2024,"65,231.0","66,219.6","66,643.9","64,623.3",72.55K,-1.50%,BTC
15/05/2024,"66,225.1","61,569.4","66,417.1","61,357.5",106.05K,7.56%,BTC
14/05/2024,"61,569.4","62,936.8","63,102.6","61,156.9",68.84K,-2.17%,BTC
13/05/2024,"62,937.2","61,480.5","63,443.2","60,779.0",70.55K,2.37%,BTC
12/05/2024,"61,480.0","60,826.6","61,847.7","60,647.1",27.40K,1.07%,BTC
11/05/2024,"60,826.6","60,796.8","61,487.5","60,499.3",27.50K,0.05%,BTC
10/05/2024,"60,796.9","63,074.3","63,454.3","60,251.8",79.33K,-3.61%,BTC
09/05/2024,"63,075.0","61,207.3","63,413.3","60,671.4",64.22K,3.05%,BTC
08/05/2024,"61,207.5","62,304.9","62,997.4","60,894.2",56.47K,-1.78%,BTC
07/05/2024,"62,317.7","63,163.1","64,361.0","62,294.1",59.74K,-1.34%,BTC
06/05/2024,"63,163.1","64,005.8","65,448.8","62,730.7",77.68K,-1.32%,BTC
05/05/2024,"64,006.4","63,897.7","64,587.2","62,923.9",40.51K,0.18%,BTC
04/05/2024,"63,888.3","62,887.1","64,466.0","62,599.1",53.03K,1.61%,BTC
03/05/2024,"62,877.5","59,104.3","63,298.4","58,830.8",100.46K,6.35%,BTC
02/05/2024,"59,121.3","58,334.9","59,548.0","56,989.8",98.06K,1.35%,BTC
01/05/2024,"58,331.2","60,665.0","60,827.5","56,643.5",171.55K,-3.85%,BTC
30/04/2024,"60,666.6","63,852.4","64,700.2","59,228.7",121.04K,-5.00%,BTC
29/04/2024,"63,860.1","63,113.7","64,193.1","61,837.2",67.26K,1.19%,BTC
28/04/2024,"63,109.7","63,457.9","64,346.1","62,827.8",36.65K,-0.55%,BTC
27/04/2024,"63,456.8","63,765.8","63,916.7","62,507.7",45.34K,-0.49%,BTC
26/04/2024,"63,766.4","64,497.1","64,771.3","63,354.9",61.60K,-1.13%,BTC
25/04/2024,"64,497.1","64,287.1","65,247.5","62,889.2",80.77K,0.33%,BTC
24/04/2024,"64,285.7","66,414.9","67,060.5","63,606.9",77.83K,-3.21%,BTC
23/04/2024,"66,415.0","66,829.5","67,180.0","65,848.3",52.42K,-0.62%,BTC
22/04/2024,"66,829.3","64,940.1","67,208.0","64,527.5",72.30K,2.91%,BTC
21/04/2024,"64,940.2","64,942.1","65,680.6","64,267.5",42.02K,-0.03%,BTC
20/04/2024,"64,961.1","63,817.6","65,375.6","63,131.7",49.33K,1.82%,BTC
19/04/2024,"63,799.1","63,480.5","65,441.2","59,693.3",150.34K,0.50%,BTC
18/04/2024,"63,481.4","61,278.9","64,092.4","60,822.3",97.38K,3.59%,BTC
17/04/2024,"61,278.9","63,802.3","64,451.5","59,820.8",118.92K,-3.96%,BTC
16/04/2024,"63,805.3","63,416.1","64,274.4","61,715.6",114.96K,0.62%,BTC
15/04/2024,"63,411.9","65,696.6","66,805.1","62,379.5",118.79K,-3.48%,BTC
14/04/2024,"65,697.4","63,909.5","65,758.2","62,174.7",134.40K,2.89%,BTC
13/04/2024,"63,849.9","67,137.4","67,921.0","61,065.5",149.48K,-4.92%,BTC
12/04/2024,"67,151.9","70,014.9","71,226.9","65,829.3",131.84K,-4.08%,BTC
11/04/2024,"70,011.6","70,620.4","71,249.2","69,586.1",72.51K,-0.86%,BTC
10/04/2024,"70,622.1","69,147.8","71,086.9","67,570.0",97.71K,2.13%,BTC
09/04/2024,"69,148.0","71,627.3","71,737.2","68,264.6",93.69K,-3.47%,BTC
08/04/2024,"71,630.1","69,358.0","72,710.8","69,110.5",105.78K,3.27%,BTC
07/04/2024,"69,360.4","68,897.3","70,285.8","68,849.4",46.99K,0.68%,BTC
06/04/2024,"68,890.6","67,830.5","69,632.0","67,467.2",41.48K,1.56%,BTC
05/04/2024,"67,830.6","68,498.7","68,692.2","66,023.3",88.97K,-0.97%,BTC
04/04/2024,"68,496.5","65,968.4","69,238.8","65,096.3",100.30K,3.84%,BTC
03/04/2024,"65,963.0","65,443.6","66,844.8","64,559.0",88.46K,0.80%,BTC
02/04/2024,"65,439.2","69,662.7","69,673.0","64,628.4",152.87K,-6.07%,BTC
01/04/2024,"69,664.4","71,329.3","71,329.3","68,175.9",94.05K,-2.34%,BTC
31/03/2024,"71,332.0","69,608.5","71,367.5","69,576.6",42.45K,2.47%,BTC
30/03/2024,"69,611.5","69,872.3","70,321.2","69,564.9",29.87K,-0.37%,BTC
29/03/2024,"69,871.7","70,766.7","70,907.0","69,090.9",58.99K,-1.26%,BTC
28/03/2024,"70,762.1","69,449.4","71,542.5","68,956.9",72.49K,1.90%,BTC
27/03/2024,"69,442.4","69,999.2","71,670.8","68,428.6",112.88K,-0.80%,BTC
26/03/2024,"69,999.3","69,896.3","71,490.7","69,366.4",90.98K,0.15%,BTC
25/03/2024,"69,892.0","67,216.4","71,118.8","66,395.0",124.72K,3.99%,BTC
24/03/2024,"67,211.9","64,036.5","67,587.8","63,812.9",65.59K,4.96%,BTC
23/03/2024,"64,037.8","63,785.6","65,972.4","63,074.9",35.11K,0.40%,BTC
22/03/2024,"63,785.5","65,501.5","66,633.3","62,328.3",72.43K,-2.62%,BTC
21/03/2024,"65,503.8","67,860.0","68,161.7","64,616.1",75.26K,-3.46%,BTC
20/03/2024,"67,854.0","62,046.8","68,029.5","60,850.9",133.53K,9.35%,BTC
19/03/2024,"62,050.0","67,594.1","68,099.6","61,560.6",148.08K,-8.20%,BTC
18/03/2024,"67,594.1","68,389.7","68,920.1","66,601.4",78.07K,-1.17%,BTC
17/03/2024,"68,391.2","65,314.2","68,857.7","64,605.5",66.07K,4.71%,BTC
16/03/2024,"65,314.2","69,456.5","70,037.0","64,971.0",75.82K,-5.97%,BTC
15/03/2024,"69,463.7","71,387.1","72,398.1","65,765.6",148.59K,-2.69%,BTC
14/03/2024,"71,387.5","73,066.7","73,740.9","68,717.2",109.43K,-2.30%,BTC
13/03/2024,"73,066.3","71,461.9","73,623.5","71,338.4",77.18K,2.23%,BTC
12/03/2024,"71,470.2","72,099.1","72,916.7","68,845.6",105.09K,-0.87%,BTC
11/03/2024,"72,099.1","68,964.7","72,771.5","67,452.8",114.72K,4.54%,BTC
10/03/2024,"68,964.8","68,360.7","69,905.3","68,165.0",53.49K,0.88%,BTC
09/03/2024,"68,366.5","68,178.5","68,576.9","67,923.9",30.71K,0.29%,BTC
08/03/2024,"68,172.0","66,854.4","69,904.0","66,170.7",112.67K,1.97%,BTC
07/03/2024,"66,855.3","66,074.6","67,985.5","65,602.6",77.47K,1.17%,BTC
06/03/2024,"66,080.4","63,794.7","67,604.9","62,848.7",117.91K,3.59%,BTC
05/03/2024,"63,792.6","68,273.1","69,063.1","60,138.2",207.60K,-6.56%,BTC
04/03/2024,"68,270.1","63,135.8","68,495.1","62,746.8",130.86K,8.13%,BTC
03/03/2024,"63,135.8","61,955.6","63,227.3","61,399.4",38.01K,1.84%,BTC
02/03/2024,"61,994.5","62,397.7","62,446.3","61,621.9",33.80K,-0.65%,BTC
01/03/2024,"62,397.7","61,157.3","63,147.3","60,790.9",74.96K,2.01%,BTC
29/02/2024,"61,169.3","62,467.1","63,653.4","60,512.5",119.29K,-2.08%,BTC
28/02/2024,"62,467.6","57,048.7","63,915.3","56,704.9",173.64K,9.48%,BTC
27/02/2024,"57,056.2","54,491.1","57,555.2","54,464.0",100.48K,4.70%,BTC
26/02/2024,"54,495.1","51,722.7","54,899.1","50,925.2",78.05K,5.36%,BTC
25/02/2024,"51,722.7","51,572.1","51,952.0","51,299.0",23.61K,0.29%,BTC
24/02/2024,"51,571.6","50,739.6","51,689.9","50,592.0",20.99K,1.64%,BTC
23/02/2024,"50,740.5","51,320.6","51,532.5","50,537.6",43.27K,-1.13%,BTC
22/02/2024,"51,320.4","51,850.2","52,015.8","50,947.3",50.27K,-1.04%,BTC
21/02/2024,"51,858.2","52,263.5","52,367.3","50,676.9",59.02K,-0.78%,BTC
20/02/2024,"52,263.5","51,783.1","52,936.8","50,801.8",68.10K,0.93%,BTC
19/02/2024,"51,783.6","52,119.6","52,484.8","51,694.2",36.73K,-0.64%,BTC
18/02/2024,"52,117.5","51,646.0","52,350.3","51,199.6",26.89K,0.91%,BTC
17/02/2024,"51,646.0","52,134.2","52,175.5","50,652.3",32.45K,-0.94%,BTC
16/02/2024,"52,134.2","51,901.4","52,556.7","51,612.6",52.86K,0.45%,BTC
15/02/2024,"51,901.3","51,805.2","52,819.4","51,327.5",74.72K,0.23%,BTC
14/02/2024,"51,782.4","49,708.6","52,010.7","49,263.8",80.35K,4.16%,BTC
13/02/2024,"49,716.0","49,941.0","50,326.6","48,398.3",78.51K,-0.45%,BTC
12/02/2024,"49,941.3","48,280.2","50,277.3","47,729.9",81.85K,3.45%,BTC
11/02/2024,"48,277.3","47,759.3","48,531.6","47,590.2",36.50K,1.09%,BTC
10/02/2024,"47,758.2","47,128.0","48,149.0","46,875.0",31.20K,1.34%,BTC
09/02/2024,"47,127.5","45,293.3","48,118.8","45,254.2",98.11K,4.05%,BTC
08/02/2024,"45,293.3","44,346.2","45,579.2","44,336.4",66.38K,2.15%,BTC
07/02/2024,"44,339.8","43,088.4","44,367.9","42,783.5",48.57K,2.91%,BTC
06/02/2024,"43,087.7","42,697.6","43,375.5","42,566.8",33.32K,0.91%,BTC
05/02/2024,"42,697.2","42,581.4","43,532.2","42,272.5",39.26K,0.27%,BTC
04/02/2024,"42,581.4","43,006.2","43,113.2","42,379.4",20.33K,-0.99%,BTC
03/02/2024,"43,005.7","43,194.7","43,370.4","42,882.0",14.57K,-0.44%,BTC
02/02/2024,"43,194.7","43,083.7","43,459.3","42,596.3",42.65K,0.26%,BTC
01/02/2024,"43,081.4","42,580.1","43,263.1","41,890.5",47.69K,1.18%,BTC
31/01/2024,"42,580.5","42,946.2","43,739.7","42,315.4",56.48K,-0.85%,BTC
30/01/2024,"42,946.2","43,303.3","43,817.9","42,702.9",55.13K,-0.82%,BTC
29/01/2024,"43,299.8","42,031.4","43,305.6","41,824.7",45.23K,3.02%,BTC
28/01/2024,"42,030.7","42,121.3","42,817.1","41,649.0",32.53K,-0.21%,BTC
27/01/2024,"42,120.9","41,811.5","42,191.8","41,413.0",20.46K,0.74%,BTC
26/01/2024,"41,811.3","39,942.0","42,214.8","39,831.2",69.47K,4.70%,BTC
25/01/2024,"39,935.7","40,085.1","40,285.8","39,546.3",46.30K,-0.37%,BTC
24/01/2024,"40,086.0","39,891.3","40,535.2","39,510.0",58.64K,0.49%,BTC
23/01/2024,"39,888.8","39,555.0","40,159.4","38,546.9",82.67K,0.84%,BTC
22/01/2024,"39,556.4","41,581.7","41,684.9","39,468.4",85.10K,-4.87%,BTC
21/01/2024,"41,583.2","41,695.4","41,878.0","41,504.5",16.11K,-0.27%,BTC
20/01/2024,"41,695.4","41,647.6","41,858.0","41,449.5",22.27K,0.11%,BTC
19/01/2024,"41,648.0","41,293.8","42,164.6","40,305.4",72.64K,0.86%,BTC
18/01/2024,"41,292.7","42,763.5","42,908.0","40,682.6",70.35K,-3.45%,BTC
17/01/2024,"42,768.7","43,139.1","43,192.3","42,211.8",50.44K,-0.87%,BTC
16/01/2024,"43,145.5","42,515.2","43,563.7","42,093.1",63.93K,1.49%,BTC
15/01/2024,"42,510.7","41,747.6","43,348.9","41,719.2",52.08K,1.83%,BTC
14/01/2024,"41,746.1","42,851.3","43,069.4","41,739.6",37.14K,-2.58%,BTC
13/01/2024,"42,851.3","42,836.7","43,248.6","42,443.3",48.18K,0.04%,BTC
12/01/2024,"42,835.9","46,348.1","46,503.2","41,857.9",136.92K,-7.58%,BTC
11/01/2024,"46,348.2","46,629.3","48,923.7","45,651.8",131.04K,-0.60%,BTC
10/01/2024,"46,629.3","46,112.0","47,654.3","44,403.6",131.48K,1.08%,BTC
09/01/2024,"46,129.0","46,959.2","47,880.1","45,333.9",100.09K,-1.77%,BTC
08/01/2024,"46,962.2","43,934.2","47,196.7","43,251.0",103.09K,6.91%,BTC
07/01/2024,"43,927.3","43,973.5","44,481.2","43,627.9",29.53K,-0.09%,BTC
06/01/2024,"43,967.9","44,156.6","44,203.2","43,424.0",24.26K,-0.43%,BTC
05/01/2024,"44,156.9","44,163.0","44,312.1","42,629.0",68.07K,0.00%,BTC
04/01/2024,"44,157.0","42,836.1","44,744.5","42,632.8",68.05K,3.08%,BTC
03/01/2024,"42,836.1","44,943.7","45,492.7","40,888.3",117.65K,-4.69%,BTC
02/01/2024,"44,943.7","44,182.9","45,885.4","44,166.0",97.84K,1.72%,BTC
01/01/2024,"44,183.4","42,272.5","44,187.0","42,196.7",36.30K,4.52%,BTC
17/10/2024,0.3794,0.3794,0.3794,0.3794,,0.00%,MATIC
16/10/2024,0.3794,0.3794,0.3794,0.3794,,0.00%,MATIC
15/10/2024,0.3794,0.3794,0.3794,0.3794,,0.00%,MATIC
14/10/2024,0.3794,0.3794,0.3794,0.3794,,0.00%,MATIC
13/10/2024,0.3794,0.3794,0.3794,0.3794,,0.00%,MATIC
12/10/2024,0.3794,0.3794,0.3794,0.3794,,0.00%,MATIC
11/10/2024,0.3794,0.3794,0.3794,0.3794,,0.00%,MATIC
10/10/2024,0.3794,0.3794,0.3794,0.3794,,0.00%,MATIC
09/10/2024,0.3794,0.3794,0.3794,0.3794,,0.00%,MATIC
08/10/2024,0.3794,0.3794,0.3794,0.3794,,0.00%,MATIC
07/10/2024,0.3794,0.3794,0.3794,0.3794,,0.00%,MATIC
06/10/2024,0.3794,0.3794,0.3794,0.3794,,0.00%,MATIC
05/10/2024,0.3794,0.3794,0.3794,0.3794,,0.00%,MATIC
04/10/2024,0.3794,0.3794,0.3794,0.3794,,0.00%,MATIC
03/10/2024,0.3794,0.3794,0.3794,0.3794,,0.00%,MATIC
02/10/2024,0.3794,0.3794,0.3794,0.3794,,0.00%,MATIC
01/10/2024,0.3794,0.3794,0.3794,0.3794,,0.00%,MATIC
30/09/2024,0.3794,0.3794,0.3794,0.3794,,0.00%,MATIC
29/09/2024,0.3794,0.3794,0.3794,0.3794,,0.00%,MATIC
28/09/2024,0.3794,0.3794,0.3794,0.3794,,0.00%,MATIC
27/09/2024,0.3794,0.3794,0.3794,0.3794,,0.00%,MATIC
26/09/2024,0.3794,0.3794,0.3794,0.3794,,0.00%,MATIC
25/09/2024,0.3794,0.3794,0.3794,0.3794,,0.00%,MATIC
24/09/2024,0.3794,0.3794,0.3794,0.3794,,0.00%,MATIC
23/09/2024,0.3794,0.3794,0.3794,0.3794,,0.00%,MATIC
22/09/2024,0.3794,0.3794,0.3794,0.3794,,0.00%,MATIC
21/09/2024,0.3794,0.3794,0.3794,0.3794,,0.00%,MATIC
20/09/2024,0.3794,0.3794,0.3794,0.3794,,0.00%,MATIC
19/09/2024,0.3794,0.3794,0.3794,0.3794,,0.00%,MATIC
18/09/2024,0.3794,0.3794,0.3794,0.3794,,0.00%,MATIC
17/09/2024,0.3794,0.3794,0.3794,0.3794,,0.00%,MATIC
16/09/2024,0.3794,0.3794,0.3794,0.3794,,0.00%,MATIC
15/09/2024,0.3794,0.3794,0.3794,0.3794,,0.00%,MATIC
14/09/2024,0.3794,0.3794,0.3794,0.3794,,0.00%,MATIC
13/09/2024,0.3794,0.3794,0.3794,0.3794,,0.00%,MATIC
12/09/2024,0.3794,0.3794,0.3794,0.3794,,0.00%,MATIC
11/09/2024,0.3794,0.3794,0.3794,0.3794,,0.00%,MATIC
10/09/2024,0.3794,0.3826,0.3826,0.378,52.99M,-0.73%,MATIC
09/09/2024,0.3822,0.3757,0.3855,0.3721,53.20M,1.73%,MATIC
08/09/2024,0.3757,0.3695,0.3795,0.3674,28.25M,1.71%,MATIC
07/09/2024,0.3694,0.3662,0.3762,0.3644,18.72M,0.96%,MATIC
06/09/2024,0.3659,0.3685,0.3793,0.3559,45.66M,-0.71%,MATIC
05/09/2024,0.3685,0.3814,0.3853,0.3631,51.42M,-3.33%,MATIC
04/09/2024,0.3812,0.3977,0.4001,0.3623,137.65M,-4.12%,MATIC
03/09/2024,0.3976,0.4105,0.4142,0.3972,80.61M,-3.21%,MATIC
02/09/2024,0.4108,0.4021,0.4142,0.3964,82.49M,2.09%,MATIC
01/09/2024,0.4024,0.4196,0.4203,0.3977,58.03M,-4.14%,MATIC
31/08/2024,0.4198,0.421,0.4268,0.4174,41.89M,-0.26%,MATIC
30/08/2024,0.4209,0.4247,0.43,0.3991,89.59M,-1.01%,MATIC
29/08/2024,0.4252,0.4363,0.4459,0.4145,98.71M,-2.63%,MATIC
28/08/2024,0.4367,0.4658,0.4659,0.426,174.48M,-6.37%,MATIC
27/08/2024,0.4664,0.5024,0.5143,0.4592,92.26M,-7.17%,MATIC
26/08/2024,0.5024,0.5245,0.5276,0.5016,79.27M,-4.32%,MATIC
25/08/2024,0.5251,0.5711,0.5748,0.5231,109.44M,-8.10%,MATIC
24/08/2024,0.5714,0.5379,0.581,0.531,117.40M,6.27%,MATIC
23/08/2024,0.5377,0.5328,0.5434,0.5198,103.47M,1.05%,MATIC
22/08/2024,0.5321,0.5241,0.5398,0.5162,132.61M,1.29%,MATIC
21/08/2024,0.5253,0.4616,0.5285,0.4564,157.39M,13.85%,MATIC
20/08/2024,0.4614,0.4297,0.4668,0.429,69.61M,7.28%,MATIC
19/08/2024,0.4301,0.4114,0.4302,0.4098,59.54M,4.49%,MATIC
18/08/2024,0.4116,0.4101,0.4189,0.4071,26.61M,0.29%,MATIC
17/08/2024,0.4104,0.4035,0.4105,0.4016,17.56M,1.56%,MATIC
16/08/2024,0.4041,0.4011,0.4075,0.3926,45.27M,0.72%,MATIC
15/08/2024,0.4012,0.4237,0.4317,0.3969,72.75M,-5.40%,MATIC
14/08/2024,0.4241,0.4221,0.4253,0.4083,46.21M,0.47%,MATIC
13/08/2024,0.4221,0.4251,0.4264,0.4112,41.53M,-0.99%,MATIC
12/08/2024,0.4263,0.403,0.4321,0.4019,53.80M,5.81%,MATIC
11/08/2024,0.4029,0.4263,0.4374,0.4026,35.69M,-5.49%,MATIC
10/08/2024,0.4263,0.4215,0.4314,0.4188,21.81M,1.04%,MATIC
09/08/2024,0.4219,0.4317,0.4317,0.414,41.77M,-2.27%,MATIC
08/08/2024,0.4317,0.391,0.4327,0.387,68.62M,10.16%,MATIC
07/08/2024,0.3919,0.4078,0.4167,0.3876,64.01M,-3.92%,MATIC
06/08/2024,0.4079,0.384,0.4172,0.384,76.90M,6.14%,MATIC
05/08/2024,0.3843,0.4219,0.4243,0.3378,430.32M,-8.83%,MATIC
04/08/2024,0.4215,0.4534,0.4579,0.4097,64.21M,-7.32%,MATIC
03/08/2024,0.4548,0.4678,0.4737,0.4428,52.36M,-2.88%,MATIC
02/08/2024,0.4683,0.4916,0.4946,0.4574,66.45M,-4.84%,MATIC
01/08/2024,0.4921,0.4956,0.5047,0.4663,76.93M,-0.75%,MATIC
31/07/2024,0.4958,0.5052,0.5199,0.4913,55.87M,-1.88%,MATIC
30/07/2024,0.5053,0.5107,0.5251,0.5005,39.75M,-1.00%,MATIC
29/07/2024,0.5104,0.5087,0.5246,0.5087,43.09M,0.35%,MATIC
28/07/2024,0.5086,0.5168,0.5204,0.505,18.35M,-1.57%,MATIC
27/07/2024,0.5167,0.5144,0.5236,0.5096,30.13M,0.39%,MATIC
26/07/2024,0.5147,0.4972,0.5152,0.4968,28.89M,3.50%,MATIC
25/07/2024,0.4973,0.5166,0.5199,0.4813,56.72M,-3.81%,MATIC
24/07/2024,0.517,0.5326,0.5402,0.5138,39.85M,-2.95%,MATIC
23/07/2024,0.5327,0.5303,0.5579,0.5199,89.17M,0.41%,MATIC
22/07/2024,0.5305,0.5489,0.5522,0.5271,42.73M,-3.25%,MATIC
21/07/2024,0.5483,0.5416,0.5491,0.5223,44.02M,1.26%,MATIC
20/07/2024,0.5415,0.5332,0.5423,0.5277,35.09M,1.56%,MATIC
19/07/2024,0.5332,0.5166,0.5344,0.5066,60.60M,3.19%,MATIC
18/07/2024,0.5167,0.5408,0.5519,0.5106,89.70M,-4.23%,MATIC
17/07/2024,0.5395,0.5433,0.5609,0.5394,52.94M,-0.66%,MATIC
16/07/2024,0.5431,0.5487,0.552,0.5202,76.13M,-1.07%,MATIC
15/07/2024,0.549,0.5311,0.5496,0.5292,59.27M,3.41%,MATIC
14/07/2024,0.5309,0.5314,0.5349,0.5178,32.83M,-0.02%,MATIC
13/07/2024,0.531,0.5072,0.5357,0.5055,37.05M,4.69%,MATIC
12/07/2024,0.5072,0.4981,0.5099,0.4918,34.59M,1.83%,MATIC
11/07/2024,0.4981,0.5126,0.5241,0.4967,48.78M,-2.87%,MATIC
10/07/2024,0.5128,0.5009,0.5156,0.4934,41.51M,2.38%,MATIC
09/07/2024,0.5009,0.5,0.5086,0.4935,51.76M,-0.20%,MATIC
08/07/2024,0.5019,0.4778,0.5141,0.4606,90.60M,5.13%,MATIC
07/07/2024,0.4774,0.5059,0.5059,0.4753,40.95M,-5.73%,MATIC
06/07/2024,0.5064,0.4676,0.5082,0.4656,41.80M,8.30%,MATIC
05/07/2024,0.4676,0.4941,0.4941,0.4299,201.75M,-5.34%,MATIC
04/07/2024,0.494,0.5309,0.5354,0.4933,89.89M,-6.97%,MATIC
03/07/2024,0.531,0.572,0.574,0.5268,56.46M,-7.09%,MATIC
02/07/2024,0.5715,0.5579,0.574,0.5559,29.75M,2.44%,MATIC
01/07/2024,0.5579,0.5613,0.5695,0.5538,31.73M,-0.57%,MATIC
30/06/2024,0.5611,0.5479,0.5653,0.5448,28.38M,2.41%,MATIC
29/06/2024,0.5479,0.5528,0.5634,0.5471,18.18M,-0.94%,MATIC
28/06/2024,0.5531,0.567,0.5711,0.5525,37.13M,-2.45%,MATIC
27/06/2024,0.567,0.5518,0.5712,0.5435,35.57M,2.77%,MATIC
26/06/2024,0.5517,0.5676,0.5717,0.5475,38.28M,-2.77%,MATIC
25/06/2024,0.5674,0.5611,0.5767,0.5581,37.74M,1.05%,MATIC
24/06/2024,0.5615,0.561,0.5667,0.5389,80.12M,0.02%,MATIC
23/06/2024,0.5614,0.5709,0.5848,0.559,30.49M,-1.66%,MATIC
22/06/2024,0.5709,0.5686,0.5739,0.5628,20.77M,0.40%,MATIC
21/06/2024,0.5686,0.5737,0.5824,0.5665,42.71M,-0.84%,MATIC
20/06/2024,0.5734,0.5767,0.5967,0.5681,46.33M,-0.64%,MATIC
19/06/2024,0.5771,0.5569,0.5813,0.5543,43.84M,3.55%,MATIC
18/06/2024,0.5573,0.5851,0.5864,0.5148,145.86M,-4.62%,MATIC
17/06/2024,0.5843,0.6195,0.6204,0.5768,67.83M,-5.67%,MATIC
16/06/2024,0.6194,0.6169,0.628,0.6046,38.88M,0.39%,MATIC
15/06/2024,0.617,0.5917,0.6181,0.5913,28.20M,4.29%,MATIC
14/06/2024,0.5916,0.6049,0.6128,0.5732,75.91M,-2.18%,MATIC
13/06/2024,0.6048,0.6445,0.6459,0.6007,64.04M,-6.19%,MATIC
12/06/2024,0.6447,0.6176,0.6506,0.6062,69.76M,4.39%,MATIC
11/06/2024,0.6176,0.6497,0.6517,0.6115,81.65M,-4.94%,MATIC
10/06/2024,0.6497,0.6551,0.6628,0.6371,42.95M,-0.84%,MATIC
09/06/2024,0.6552,0.6496,0.6565,0.6443,20.28M,0.83%,MATIC
08/06/2024,0.6498,0.667,0.6693,0.6415,38.25M,-2.58%,MATIC
07/06/2024,0.667,0.7255,0.7281,0.6207,109.38M,-8.09%,MATIC
06/06/2024,0.7257,0.725,0.7408,0.7143,51.73M,0.12%,MATIC
05/06/2024,0.7248,0.7156,0.7264,0.7082,33.01M,1.37%,MATIC
04/06/2024,0.715,0.7045,0.7193,0.6977,37.98M,1.48%,MATIC
03/06/2024,0.7046,0.6897,0.7125,0.6832,50.52M,2.15%,MATIC
02/06/2024,0.6898,0.6988,0.7055,0.6863,30.57M,-1.32%,MATIC
01/06/2024,0.699,0.6951,0.7032,0.6915,24.12M,0.66%,MATIC
31/05/2024,0.6944,0.6965,0.7089,0.6849,54.26M,-0.30%,MATIC
30/05/2024,0.6965,0.7149,0.7227,0.6897,67.01M,-2.60%,MATIC
29/05/2024,0.7151,0.7328,0.746,0.714,83.76M,-2.35%,MATIC
28/05/2024,0.7323,0.7442,0.7498,0.7225,65.63M,-1.61%,MATIC
27/05/2024,0.7443,0.7159,0.7509,0.7137,56.98M,3.95%,MATIC
26/05/2024,0.716,0.7292,0.733,0.7133,32.30M,-1.81%,MATIC
25/05/2024,0.7292,0.7232,0.7335,0.7208,26.29M,0.76%,MATIC
24/05/2024,0.7237,0.7425,0.7555,0.7043,54.23M,-2.70%,MATIC
23/05/2024,0.7438,0.7234,0.7579,0.6968,140.98M,2.83%,MATIC
22/05/2024,0.7233,0.7295,0.7331,0.7032,77.90M,-0.80%,MATIC
21/05/2024,0.7291,0.7521,0.7588,0.7194,90.94M,-2.86%,MATIC
20/05/2024,0.7506,0.6829,0.7561,0.6754,85.18M,9.88%,MATIC
19/05/2024,0.6831,0.7091,0.7126,0.6806,32.26M,-3.68%,MATIC
18/05/2024,0.7092,0.7135,0.7219,0.7078,23.72M,-0.62%,MATIC
17/05/2024,0.7136,0.6942,0.7206,0.6902,42.96M,2.81%,MATIC
16/05/2024,0.6941,0.686,0.6981,0.667,54.73M,1.17%,MATIC
15/05/2024,0.6861,0.6504,0.6879,0.6445,54.08M,5.64%,MATIC
14/05/2024,0.6495,0.6629,0.6672,0.6482,59.48M,-2.10%,MATIC
13/05/2024,0.6634,0.671,0.6802,0.647,56.64M,-1.09%,MATIC
12/05/2024,0.6707,0.6754,0.684,0.6685,17.54M,-0.74%,MATIC
11/05/2024,0.6757,0.6719,0.6878,0.6716,30.18M,0.54%,MATIC
10/05/2024,0.6721,0.6942,0.7018,0.6646,48.90M,-3.21%,MATIC
09/05/2024,0.6944,0.6817,0.6988,0.6722,37.69M,1.97%,MATIC
08/05/2024,0.681,0.6928,0.6953,0.6727,60.05M,-1.76%,MATIC
07/05/2024,0.6932,0.7098,0.7186,0.6899,56.21M,-2.30%,MATIC
06/05/2024,0.7095,0.7338,0.7776,0.7095,78.72M,-3.30%,MATIC
05/05/2024,0.7337,0.7292,0.7408,0.7189,29.38M,0.64%,MATIC
04/05/2024,0.729,0.7321,0.7398,0.7242,28.95M,-0.41%,MATIC
03/05/2024,0.732,0.7211,0.7411,0.7147,42.60M,1.55%,MATIC
02/05/2024,0.7208,0.6924,0.7264,0.6735,47.22M,4.19%,MATIC
01/05/2024,0.6918,0.6672,0.697,0.6327,98.96M,3.73%,MATIC
30/04/2024,0.6669,0.7044,0.7129,0.6493,74.39M,-5.30%,MATIC
29/04/2024,0.7042,0.7211,0.7331,0.6904,67.64M,-2.34%,MATIC
28/04/2024,0.7211,0.7351,0.7495,0.7184,47.25M,-1.61%,MATIC
27/04/2024,0.7329,0.7033,0.7354,0.6834,66.31M,4.34%,MATIC
26/04/2024,0.7024,0.7211,0.7312,0.7,63.97M,-2.49%,MATIC
25/04/2024,0.7203,0.7054,0.7268,0.6913,67.76M,2.21%,MATIC
24/04/2024,0.7047,0.7288,0.7635,0.6982,85.56M,-3.36%,MATIC
23/04/2024,0.7292,0.7424,0.7485,0.7232,44.83M,-1.78%,MATIC
22/04/2024,0.7424,0.7135,0.7493,0.7093,59.47M,3.98%,MATIC
21/04/2024,0.714,0.7377,0.7447,0.701,53.50M,-3.28%,MATIC
20/04/2024,0.7382,0.6728,0.7403,0.6641,59.61M,9.80%,MATIC
19/04/2024,0.6723,0.6749,0.6905,0.6214,124.53M,-0.49%,MATIC
18/04/2024,0.6756,0.6676,0.6911,0.6503,84.28M,1.14%,MATIC
17/04/2024,0.668,0.7025,0.7098,0.6559,83.48M,-4.98%,MATIC
16/04/2024,0.703,0.7064,0.7297,0.6727,86.66M,-0.68%,MATIC
15/04/2024,0.7078,0.7091,0.7514,0.6849,115.09M,-0.46%,MATIC
14/04/2024,0.7111,0.6516,0.7178,0.6316,173.44M,9.08%,MATIC
13/04/2024,0.6519,0.765,0.7722,0.5892,292.58M,-14.85%,MATIC
12/04/2024,0.7656,0.8778,0.8942,0.7326,178.31M,-12.80%,MATIC
11/04/2024,0.878,0.8859,0.896,0.8616,55.34M,-1.07%,MATIC
10/04/2024,0.8875,0.8965,0.9026,0.8584,80.01M,-1.09%,MATIC
09/04/2024,0.8973,0.9472,0.9499,0.8944,72.83M,-5.20%,MATIC
08/04/2024,0.9465,0.9117,0.9488,0.8901,66.72M,3.84%,MATIC
07/04/2024,0.9115,0.897,0.9231,0.8938,44.55M,1.62%,MATIC
06/04/2024,0.897,0.8834,0.9061,0.8813,37.25M,1.49%,MATIC
05/04/2024,0.8838,0.904,0.9084,0.8604,51.83M,-2.39%,MATIC
04/04/2024,0.9054,0.8948,0.9221,0.873,52.14M,1.17%,MATIC
03/04/2024,0.8949,0.9,0.9223,0.8752,64.80M,-0.58%,MATIC
02/04/2024,0.9001,0.95,0.9502,0.8859,82.63M,-5.35%,MATIC
01/04/2024,0.951,1.003,1.0076,0.927,82.39M,-5.21%,MATIC
31/03/2024,1.0033,0.9791,1.0038,0.977,31.89M,2.39%,MATIC
30/03/2024,0.9799,0.9909,1.0037,0.9754,63.22M,-1.08%,MATIC
29/03/2024,0.9906,1.0019,1.006,0.9769,59.15M,-1.13%,MATIC
28/03/2024,1.0019,1.008,1.0258,0.9961,68.92M,-0.66%,MATIC
27/03/2024,1.0086,1.0457,1.0867,1.0005,121.72M,-3.58%,MATIC
26/03/2024,1.0461,1.0459,1.0771,1.0264,79.23M,0.07%,MATIC
25/03/2024,1.0454,1.0118,1.0601,1.0024,78.31M,3.34%,MATIC
24/03/2024,1.0116,0.9786,1.0147,0.9754,50.47M,3.34%,MATIC
23/03/2024,0.9789,0.9722,1.0028,0.955,56.93M,0.61%,MATIC
22/03/2024,0.973,0.9956,1.0186,0.9516,78.65M,-2.27%,MATIC
21/03/2024,0.9956,1.0057,1.0131,0.9718,85.61M,-1.24%,MATIC
20/03/2024,1.0081,0.9306,1.0161,0.9113,145.62M,8.01%,MATIC
19/03/2024,0.9333,1.0299,1.0359,0.9109,183.88M,-9.42%,MATIC
18/03/2024,1.0304,1.0886,1.0896,1.0096,93.79M,-5.33%,MATIC
17/03/2024,1.0884,1.047,1.0993,1.0071,114.19M,4.41%,MATIC
16/03/2024,1.0424,1.1406,1.1683,1.0268,152.92M,-8.64%,MATIC
15/03/2024,1.141,1.2218,1.23,1.0714,182.89M,-6.64%,MATIC
14/03/2024,1.2221,1.2719,1.2839,1.1635,149.54M,-3.79%,MATIC
13/03/2024,1.2702,1.1817,1.2887,1.1764,166.39M,7.49%,MATIC
12/03/2024,1.1817,1.241,1.2463,1.132,139.82M,-4.75%,MATIC
11/03/2024,1.2406,1.2288,1.2495,1.1726,159.03M,0.94%,MATIC
10/03/2024,1.229,1.1558,1.2448,1.1451,199.14M,6.26%,MATIC
09/03/2024,1.1566,1.1248,1.1573,1.1179,82.05M,2.85%,MATIC
08/03/2024,1.1246,1.1607,1.177,1.099,125.69M,-3.07%,MATIC
07/03/2024,1.1602,1.1193,1.1745,1.1007,153.83M,3.91%,MATIC
06/03/2024,1.1165,1.0331,1.1178,0.9939,189.69M,8.02%,MATIC
05/03/2024,1.0336,1.1432,1.146,0.95,345.00M,-9.71%,MATIC
04/03/2024,1.1448,1.0902,1.1492,1.0808,248.91M,5.09%,MATIC
03/03/2024,1.0894,1.0955,1.1177,1.0335,154.48M,-0.50%,MATIC
02/03/2024,1.0949,1.0233,1.0998,1.0233,169.85M,6.83%,MATIC
01/03/2024,1.0249,1.0021,1.0293,1.0019,92.00M,2.40%,MATIC
29/02/2024,1.0009,1.0082,1.0615,0.9808,164.64M,-0.82%,MATIC
28/02/2024,1.0092,1.0285,1.0672,0.9655,192.97M,-1.89%,MATIC
27/02/2024,1.0286,1.0599,1.0771,1.0169,119.29M,-2.84%,MATIC
26/02/2024,1.0587,0.9986,1.0713,0.9718,177.59M,6.04%,MATIC
25/02/2024,0.9984,0.9938,1.0037,0.9641,74.16M,0.44%,MATIC
24/02/2024,0.994,0.9857,1.0294,0.974,80.68M,0.75%,MATIC
23/02/2024,0.9866,0.9937,1.0061,0.9455,130.53M,-0.70%,MATIC
22/02/2024,0.9936,0.9507,1.0501,0.9219,186.52M,4.48%,MATIC
21/02/2024,0.951,1.0227,1.0354,0.9086,147.06M,-7.07%,MATIC
20/02/2024,1.0234,0.9975,1.0331,0.9428,151.98M,2.62%,MATIC
19/02/2024,0.9973,0.9993,1.0105,0.9752,112.88M,-0.20%,MATIC
18/02/2024,0.9993,0.928,0.9997,0.9183,88.31M,7.67%,MATIC
17/02/2024,0.9281,0.9514,0.9586,0.9046,85.44M,-2.38%,MATIC
16/02/2024,0.9507,0.8898,0.9562,0.8859,142.87M,6.86%,MATIC
15/02/2024,0.8897,0.8903,0.9097,0.8728,81.95M,-0.02%,MATIC
14/02/2024,0.8899,0.8542,0.8932,0.8442,72.79M,4.24%,MATIC
13/02/2024,0.8537,0.8809,0.8849,0.8435,70.63M,-2.94%,MATIC
12/02/2024,0.8796,0.8353,0.8855,0.8185,79.32M,5.30%,MATIC
11/02/2024,0.8353,0.8492,0.865,0.8316,46.48M,-1.59%,MATIC
10/02/2024,0.8488,0.8549,0.8685,0.8377,55.48M,-0.45%,MATIC
09/02/2024,0.8526,0.8342,0.8585,0.8316,63.01M,2.27%,MATIC
08/02/2024,0.8337,0.836,0.8476,0.8237,70.77M,-0.07%,MATIC
07/02/2024,0.8343,0.8059,0.8379,0.7874,56.30M,3.60%,MATIC
06/02/2024,0.8053,0.7803,0.8169,0.7777,54.79M,3.22%,MATIC
05/02/2024,0.7802,0.7731,0.7949,0.7631,45.34M,0.88%,MATIC
04/02/2024,0.7734,0.7844,0.7884,0.7705,34.51M,-1.48%,MATIC
03/02/2024,0.785,0.7996,0.806,0.7806,40.33M,-1.83%,MATIC
02/02/2024,0.7996,0.8119,0.8225,0.796,46.70M,-1.44%,MATIC
01/02/2024,0.8113,0.7883,0.8169,0.7658,64.48M,3.06%,MATIC
31/01/2024,0.7872,0.8007,0.8338,0.7799,110.64M,-1.50%,MATIC
30/01/2024,0.7992,0.8133,0.8218,0.796,68.66M,-1.71%,MATIC
29/01/2024,0.8131,0.7872,0.816,0.7745,67.44M,3.05%,MATIC
28/01/2024,0.789,0.7869,0.8102,0.7821,66.96M,0.13%,MATIC
27/01/2024,0.788,0.7584,0.7884,0.7559,45.83M,3.85%,MATIC
26/01/2024,0.7588,0.732,0.7621,0.7272,57.08M,3.62%,MATIC
25/01/2024,0.7323,0.739,0.739,0.7171,45.77M,-0.84%,MATIC
24/01/2024,0.7385,0.7241,0.7454,0.7163,78.34M,1.92%,MATIC
23/01/2024,0.7246,0.747,0.7646,0.6922,126.22M,-2.99%,MATIC
22/01/2024,0.7469,0.7847,0.7916,0.736,110.37M,-4.56%,MATIC
21/01/2024,0.7826,0.7872,0.8068,0.7804,56.00M,-0.58%,MATIC
20/01/2024,0.7872,0.7614,0.7878,0.7512,77.49M,3.29%,MATIC
19/01/2024,0.7621,0.7854,0.7969,0.744,140.21M,-3.00%,MATIC
18/01/2024,0.7857,0.81,0.8208,0.7748,95.59M,-3.08%,MATIC
17/01/2024,0.8107,0.8455,0.8527,0.8024,109.94M,-4.10%,MATIC
16/01/2024,0.8454,0.8454,0.858,0.8283,56.44M,0.08%,MATIC
15/01/2024,0.8447,0.8381,0.867,0.8361,59.05M,0.75%,MATIC
14/01/2024,0.8384,0.8816,0.8827,0.8371,57.19M,-4.91%,MATIC
13/01/2024,0.8817,0.8635,0.8882,0.842,55.50M,2.12%,MATIC
12/01/2024,0.8634,0.9263,0.9446,0.8386,139.31M,-6.78%,MATIC
11/01/2024,0.9262,0.9023,0.9561,0.8828,196.70M,3.06%,MATIC
10/01/2024,0.8987,0.8065,0.9114,0.8027,178.05M,11.45%,MATIC
09/01/2024,0.8064,0.8402,0.8441,0.7821,132.90M,-4.15%,MATIC
08/01/2024,0.8413,0.8,0.8434,0.7372,155.44M,5.15%,MATIC
07/01/2024,0.8001,0.8279,0.8437,0.7927,64.08M,-3.35%,MATIC
06/01/2024,0.8278,0.8523,0.8528,0.7966,72.41M,-2.91%,MATIC
05/01/2024,0.8526,0.8832,0.887,0.8205,102.64M,-3.34%,MATIC
04/01/2024,0.8821,0.8531,0.8912,0.8381,110.53M,3.36%,MATIC
03/01/2024,0.8534,0.9685,0.9886,0.7625,243.58M,-11.90%,MATIC
02/01/2024,0.9687,1.0157,1.0328,0.9633,108.91M,-4.60%,MATIC
01/01/2024,1.0154,0.97,1.0182,0.9563,78.04M,4.56%,MATIC
27/10/2024,7.5892,7.4437,7.8046,7.3716,4.75M,1.96%,UNI
26/10/2024,7.4433,7.4415,7.7735,7.2908,5.47M,0.02%,UNI
25/10/2024,7.442,8.0416,8.1783,7.2342,6.38M,-7.45%,UNI
24/10/2024,8.0408,7.8589,8.207,7.8378,4.60M,2.31%,UNI
23/10/2024,7.859,7.9978,8.0191,7.4934,5.54M,-1.73%,UNI
22/10/2024,7.9978,7.7866,8.3683,7.7062,11.18M,2.71%,UNI
21/10/2024,7.7865,7.7613,7.9631,7.4155,4.52M,0.33%,UNI
20/10/2024,7.7611,7.3185,7.7737,7.2838,4.76M,6.05%,UNI
19/10/2024,7.3186,7.4706,7.5959,7.3132,2.53M,-2.03%,UNI
18/10/2024,7.4702,7.3477,7.508,7.333,3.37M,1.67%,UNI
17/10/2024,7.3477,7.573,7.6624,7.2051,3.81M,-2.96%,UNI
16/10/2024,7.5716,7.8444,8.0065,7.561,4.15M,-3.48%,UNI
15/10/2024,7.8444,8.1339,8.2987,7.6804,6.23M,-3.56%,UNI
14/10/2024,8.1339,7.6799,8.3018,7.6012,5.77M,5.91%,UNI
13/10/2024,7.6797,8.1223,8.1422,7.5733,6.21M,-5.44%,UNI
12/10/2024,8.1219,7.8823,8.2947,7.7563,5.60M,3.04%,UNI
11/10/2024,7.882,8.1369,8.2149,7.8301,6.98M,-3.14%,UNI
10/10/2024,8.1371,7.2942,8.4599,7.2169,16.27M,11.55%,UNI
09/10/2024,7.2948,7.1759,7.3857,7.0643,3.50M,1.66%,UNI
08/10/2024,7.1754,7.2281,7.3004,6.9972,3.11M,-0.73%,UNI
07/10/2024,7.2283,7.0799,7.4605,7.0633,3.96M,2.08%,UNI
06/10/2024,7.0807,6.8296,7.0878,6.7748,1.91M,3.70%,UNI
05/10/2024,6.8284,6.7264,6.8953,6.6431,2.10M,1.53%,UNI
04/10/2024,6.7254,6.5717,6.821,6.538,3.02M,2.34%,UNI
03/10/2024,6.5716,6.6704,6.7986,6.3962,3.34M,-1.48%,UNI
02/10/2024,6.6705,6.8717,7.2934,6.6189,4.44M,-2.92%,UNI
01/10/2024,6.871,7.3933,7.8542,6.7799,5.68M,-7.08%,UNI
30/09/2024,7.3943,7.4534,7.7404,7.2767,3.99M,-0.79%,UNI
29/09/2024,7.4531,7.6036,7.6242,7.3573,2.23M,-1.98%,UNI
28/09/2024,7.6035,7.6155,7.8584,7.3911,2.90M,-0.14%,UNI
27/09/2024,7.6142,7.3524,7.7087,7.2879,3.65M,3.55%,UNI
26/09/2024,7.3532,6.777,7.388,6.6748,4.61M,8.48%,UNI
25/09/2024,6.7785,6.9252,7.0291,6.748,3.35M,-2.11%,UNI
24/09/2024,6.925,6.8258,7.0299,6.7494,3.58M,1.45%,UNI
23/09/2024,6.8261,6.6412,6.9298,6.5434,3.46M,2.76%,UNI
22/09/2024,6.6425,6.905,6.9269,6.4892,2.95M,-3.81%,UNI
21/09/2024,6.9052,6.8306,6.9243,6.6844,2.53M,1.10%,UNI
20/09/2024,6.8303,6.8002,6.9701,6.6843,3.87M,0.47%,UNI
19/09/2024,6.7986,6.7692,6.9054,6.7281,4.59M,0.50%,UNI
18/09/2024,6.7647,6.7881,6.7881,6.4002,3.83M,-0.34%,UNI
17/09/2024,6.788,6.4126,7.1391,6.3394,4.24M,5.86%,UNI
16/09/2024,6.4123,6.5343,6.5631,6.3073,2.81M,-1.86%,UNI
15/09/2024,6.5336,6.6663,6.8443,6.4686,2.53M,-1.99%,UNI
14/09/2024,6.6662,6.9358,6.9381,6.6029,2.97M,-3.89%,UNI
13/09/2024,6.9358,6.7889,7.0756,6.6845,3.90M,2.16%,UNI
12/09/2024,6.7891,6.75,6.9378,6.6167,3.90M,0.58%,UNI
11/09/2024,6.75,6.7006,6.9729,6.5464,4.77M,0.74%,UNI
10/09/2024,6.7006,6.7307,6.8239,6.5048,3.79M,-0.47%,UNI
09/09/2024,6.7323,6.3501,6.7512,6.338,4.13M,6.04%,UNI
08/09/2024,6.349,6.4325,6.5077,6.246,2.78M,-1.29%,UNI
07/09/2024,6.4317,6.1818,6.514,6.119,4.13M,4.04%,UNI
06/09/2024,6.1823,6.3127,6.3401,5.8915,5.10M,-2.07%,UNI
05/09/2024,6.3126,6.4329,6.5068,6.1731,3.80M,-1.87%,UNI
04/09/2024,6.4329,6.0436,6.6368,5.7933,8.77M,6.47%,UNI
03/09/2024,6.0422,6.1056,6.3026,6.031,4.27M,-1.04%,UNI
02/09/2024,6.1056,5.6246,6.2101,5.6036,5.31M,8.56%,UNI
01/09/2024,5.6244,5.9484,5.9635,5.562,2.79M,-5.45%,UNI
31/08/2024,5.9484,5.9035,6.1,5.8575,3.05M,0.78%,UNI
30/08/2024,5.9022,5.843,5.9095,5.6032,3.58M,1.00%,UNI
29/08/2024,5.8436,5.7749,6.01,5.7344,3.80M,1.18%,UNI
28/08/2024,5.7752,5.7203,5.9247,5.6059,5.36M,0.94%,UNI
27/08/2024,5.7216,6.2934,6.3496,5.6118,4.89M,-9.09%,UNI
26/08/2024,6.2939,6.6314,6.6671,6.2517,3.75M,-5.10%,UNI
25/08/2024,6.6319,6.9188,6.9304,6.6056,4.11M,-4.14%,UNI
24/08/2024,6.9185,6.9975,7.1218,6.8301,4.29M,-1.13%,UNI
23/08/2024,6.9975,6.9186,7.0867,6.8036,4.42M,1.14%,UNI
22/08/2024,6.9184,7.0985,7.1082,6.8788,3.53M,-2.54%,UNI
21/08/2024,7.0986,6.2591,7.2064,6.2421,5.22M,13.41%,UNI
20/08/2024,6.2592,6.1958,6.4668,6.1223,3.16M,1.01%,UNI
19/08/2024,6.1967,6.1706,6.259,6.0339,3.05M,0.46%,UNI
18/08/2024,6.1686,6.4202,6.4461,6.1658,2.96M,-3.92%,UNI
17/08/2024,6.4203,6.4996,6.55,6.336,2.70M,-1.22%,UNI
16/08/2024,6.4996,6.2061,6.6185,6.204,4.19M,4.73%,UNI
15/08/2024,6.2061,6.4407,6.4522,6.0853,3.82M,-3.63%,UNI
14/08/2024,6.44,6.3506,6.5095,6.236,3.96M,1.43%,UNI
13/08/2024,6.3495,6.2461,6.4,6.0894,3.79M,1.67%,UNI
12/08/2024,6.2452,5.9191,6.3121,5.8641,4.31M,5.54%,UNI
11/08/2024,5.9176,6.1971,6.4036,5.8839,3.36M,-4.51%,UNI
10/08/2024,6.197,6.1487,6.2551,6.0965,2.95M,0.82%,UNI
09/08/2024,6.1464,6.2933,6.2933,5.9702,4.16M,-2.33%,UNI
08/08/2024,6.2933,5.6568,6.3306,5.5831,5.12M,11.29%,UNI
07/08/2024,5.655,5.7993,6.0122,5.5278,4.91M,-2.49%,UNI
06/08/2024,5.7993,5.3645,5.9002,5.3645,7.81M,8.12%,UNI
05/08/2024,5.3635,6.1544,6.1903,4.7279,19.66M,-12.82%,UNI
04/08/2024,6.1519,6.6378,6.6967,6.0102,5.94M,-7.32%,UNI
03/08/2024,6.6378,6.6182,6.7923,6.4234,5.12M,0.31%,UNI
02/08/2024,6.6176,7.1888,7.2498,6.535,5.10M,-7.95%,UNI
01/08/2024,7.1892,7.1773,7.2677,6.8765,4.93M,0.16%,UNI
31/07/2024,7.1776,7.3965,7.487,7.1479,3.24M,-2.96%,UNI
30/07/2024,7.3964,7.6882,7.7588,7.3061,3.20M,-3.80%,UNI
29/07/2024,7.6881,7.5464,7.9014,7.538,3.70M,1.89%,UNI
28/07/2024,7.5455,7.6733,7.6735,7.4651,3.02M,-1.68%,UNI
27/07/2024,7.6745,7.6829,7.9015,7.5542,3.81M,-0.13%,UNI
26/07/2024,7.6844,7.2969,7.7149,7.2825,3.53M,5.31%,UNI
25/07/2024,7.2969,7.4291,7.4606,7.0463,4.72M,-1.78%,UNI
24/07/2024,7.4291,7.7127,7.7723,7.3525,3.30M,-3.68%,UNI
23/07/2024,7.7126,7.8162,8.0112,7.5775,3.94M,-1.34%,UNI
22/07/2024,7.817,8.1328,8.1748,7.7524,3.26M,-3.87%,UNI
21/07/2024,8.132,8.0224,8.1914,7.6633,3.50M,1.36%,UNI
20/07/2024,8.0233,8.0006,8.0497,7.826,3.57M,0.28%,UNI
19/07/2024,8.0006,7.8414,8.0369,7.6812,3.63M,2.05%,UNI
18/07/2024,7.8402,7.9255,8.0544,7.5824,3.71M,-1.04%,UNI
17/07/2024,7.9225,8.1733,8.4094,7.8892,4.18M,-3.06%,UNI
16/07/2024,8.1728,8.5947,8.6528,7.8875,5.95M,-4.91%,UNI
15/07/2024,8.5946,8.4215,8.6056,8.2861,3.69M,2.05%,UNI
14/07/2024,8.4219,8.1579,8.5006,8.0985,2.81M,3.20%,UNI
13/07/2024,8.1607,8.1181,8.2938,8.0846,2.49M,0.55%,UNI
12/07/2024,8.1161,7.8327,8.2497,7.6994,3.05M,3.61%,UNI
11/07/2024,7.8336,8.0309,8.1702,7.7716,3.16M,-2.47%,UNI
10/07/2024,8.0322,8.1782,8.3285,7.9986,3.34M,-1.78%,UNI
09/07/2024,8.1779,8.0367,8.2702,7.9754,3.07M,1.77%,UNI
08/07/2024,8.0356,7.6446,8.2927,7.3289,4.38M,5.10%,UNI
07/07/2024,7.6455,8.1914,8.1979,7.5999,3.10M,-6.66%,UNI
06/07/2024,8.1911,7.7706,8.2601,7.6706,3.07M,5.41%,UNI
05/07/2024,7.7708,7.6287,7.8232,6.8241,8.40M,1.87%,UNI
04/07/2024,7.628,8.5223,8.5832,7.6034,5.20M,-10.50%,UNI
03/07/2024,8.5233,9.0015,9.0679,8.4124,3.67M,-5.31%,UNI
02/07/2024,9.0015,9.1476,9.2265,8.8255,3.35M,-1.61%,UNI
01/07/2024,9.1492,9.2959,9.5212,9.1366,3.31M,-1.57%,UNI
30/06/2024,9.295,8.8615,9.3503,8.7769,2.24M,4.89%,UNI
29/06/2024,8.8614,9.0021,9.1232,8.8505,2.63M,-1.50%,UNI
28/06/2024,8.9959,9.5071,9.632,8.9363,4.85M,-5.38%,UNI
27/06/2024,9.5071,9.3915,9.6354,9.1872,3.38M,1.24%,UNI
26/06/2024,9.3904,9.5021,9.6502,9.1849,3.07M,-1.18%,UNI
25/06/2024,9.5026,9.3212,9.5638,9.2019,3.63M,1.95%,UNI
24/06/2024,9.3212,9.7713,9.8186,8.7661,6.05M,-4.61%,UNI
23/06/2024,9.772,9.8399,10.0886,9.7691,2.16M,-0.68%,UNI
22/06/2024,9.8389,9.8088,10.0784,9.618,2.68M,0.31%,UNI
21/06/2024,9.8088,10.0259,10.3094,9.7148,3.99M,-2.17%,UNI
20/06/2024,10.026,9.9545,10.2826,9.6439,3.70M,0.71%,UNI
19/06/2024,9.9553,9.7686,10.455,9.6317,6.18M,1.91%,UNI
18/06/2024,9.7682,10.6082,10.6371,9.2531,6.16M,-7.89%,UNI
17/06/2024,10.6048,11.9841,11.9841,10.5765,6.16M,-11.54%,UNI
16/06/2024,11.9876,11.5228,12.0041,11.2738,3.93M,4.03%,UNI
15/06/2024,11.5229,10.4288,11.8494,10.3646,7.96M,10.37%,UNI
14/06/2024,10.4401,10.1627,10.9738,10.0793,7.84M,2.72%,UNI
13/06/2024,10.1636,10.0771,10.2161,9.6602,4.43M,0.86%,UNI
12/06/2024,10.0773,8.9783,10.336,8.7996,8.03M,12.24%,UNI
11/06/2024,8.9785,10.3505,10.3861,8.7549,6.83M,-13.27%,UNI
10/06/2024,10.3517,9.8209,10.6728,9.6193,4.57M,5.40%,UNI
09/06/2024,9.8215,10.0524,10.0798,9.7624,2.07M,-2.26%,UNI
08/06/2024,10.0491,9.8224,10.1914,9.7983,3.64M,2.32%,UNI
07/06/2024,9.8214,10.6213,10.7458,9.3126,4.50M,-7.53%,UNI
06/06/2024,10.6206,11.1681,11.2543,10.4456,4.49M,-4.91%,UNI
05/06/2024,11.1687,11.4648,11.5743,10.8968,5.83M,-2.59%,UNI
04/06/2024,11.4653,9.4953,11.8777,9.4095,11.95M,20.75%,UNI
03/06/2024,9.4952,9.4237,9.8305,9.3006,3.25M,0.74%,UNI
02/06/2024,9.4259,9.8849,9.952,9.3816,2.56M,-4.64%,UNI
01/06/2024,9.8849,9.9569,10.0526,9.8654,2.57M,-0.73%,UNI
31/05/2024,9.9574,10.7602,11.1147,9.9393,4.59M,-7.46%,UNI
30/05/2024,10.7603,10.444,11.2024,10.3777,3.18M,3.02%,UNI
29/05/2024,10.4444,11.1149,11.3057,10.4426,4.10M,-6.02%,UNI
28/05/2024,11.1132,11.0566,11.5014,10.6188,5.31M,0.50%,UNI
27/05/2024,11.0578,11.1663,11.3647,10.9178,4.58M,-0.97%,UNI
26/05/2024,11.1665,11.3281,11.7855,11.0771,7.23M,-1.43%,UNI
25/05/2024,11.3284,10.2044,11.4464,10.1625,9.30M,11.02%,UNI
24/05/2024,10.2038,9.0857,10.5317,8.9528,8.17M,12.33%,UNI
23/05/2024,9.0838,9.3053,9.8616,8.7423,6.58M,-2.38%,UNI
22/05/2024,9.3053,9.6564,9.6891,9.0254,4.73M,-3.63%,UNI
21/05/2024,9.6556,9.3267,9.666,9.0853,6.45M,3.52%,UNI
20/05/2024,9.3277,7.643,9.4917,7.6259,6.72M,22.04%,UNI
19/05/2024,7.6432,7.8583,7.966,7.5884,2.57M,-2.74%,UNI
18/05/2024,7.8583,7.4905,8.2174,7.446,5.12M,4.91%,UNI
17/05/2024,7.4905,7.2925,7.5974,7.2379,3.21M,2.72%,UNI
16/05/2024,7.2922,7.3646,7.4268,7.0533,3.18M,-0.97%,UNI
15/05/2024,7.3634,6.7867,7.441,6.7409,3.28M,8.50%,UNI
14/05/2024,6.7867,7.0044,7.0216,6.7625,3.13M,-3.11%,UNI
13/05/2024,7.0044,7.0636,7.2123,6.8477,3.56M,-0.83%,UNI
12/05/2024,7.063,7.0365,7.2179,7.0017,2.02M,0.39%,UNI
11/05/2024,7.0353,7.1094,7.2063,7.0224,2.31M,-1.05%,UNI
10/05/2024,7.11,7.5043,7.5672,7.031,2.82M,-5.26%,UNI
09/05/2024,7.5045,7.3303,7.5506,7.1747,2.42M,2.37%,UNI
08/05/2024,7.3307,7.3957,7.5314,7.2159,2.91M,-0.88%,UNI
07/05/2024,7.3959,7.4739,7.6801,7.3764,3.15M,-1.04%,UNI
06/05/2024,7.4739,7.5878,7.9469,7.4458,3.89M,-1.51%,UNI
05/05/2024,7.5884,7.5322,7.6515,7.3557,3.00M,0.76%,UNI
04/05/2024,7.5314,7.5867,7.7124,7.4794,3.21M,-0.73%,UNI
03/05/2024,7.5871,7.1078,7.6183,6.9516,4.13M,6.74%,UNI
02/05/2024,7.1078,7.0474,7.2149,6.8551,3.37M,0.86%,UNI
01/05/2024,7.0473,7.0357,7.1509,6.5438,5.83M,0.16%,UNI
30/04/2024,7.0361,7.6904,7.8035,6.8078,4.96M,-8.51%,UNI
29/04/2024,7.6904,7.8265,7.8916,7.5034,3.24M,-1.76%,UNI
28/04/2024,7.8281,7.9754,8.2259,7.8015,3.63M,-1.90%,UNI
27/04/2024,7.9799,7.7021,8.0642,7.4658,3.14M,3.65%,UNI
26/04/2024,7.6991,7.931,7.95,7.5436,3.67M,-2.94%,UNI
25/04/2024,7.9327,7.7145,8.1192,7.5678,4.26M,2.81%,UNI
24/04/2024,7.7155,7.9467,8.2113,7.5958,4.00M,-2.91%,UNI
23/04/2024,7.9471,8.2066,8.3572,7.922,3.84M,-3.16%,UNI
22/04/2024,8.2066,7.7315,8.3011,7.7087,4.12M,6.15%,UNI
21/04/2024,7.7314,7.8743,7.9427,7.562,2.96M,-1.81%,UNI
20/04/2024,7.8738,7.4901,7.9194,7.4004,4.21M,5.12%,UNI
19/04/2024,7.4903,7.2986,7.6887,6.7265,6.35M,2.65%,UNI
18/04/2024,7.2972,6.8905,7.3424,6.7379,5.11M,5.89%,UNI
17/04/2024,6.8914,7.1886,7.2425,6.6339,4.78M,-4.14%,UNI
16/04/2024,7.1888,7.2517,7.3301,6.7753,8.16M,-0.87%,UNI
15/04/2024,7.2518,7.5292,7.9218,7.0293,8.73M,-3.68%,UNI
14/04/2024,7.5289,6.9111,7.5845,6.6466,13.89M,8.91%,UNI
13/04/2024,6.9128,7.9261,8.0018,5.9183,18.10M,-12.79%,UNI
12/04/2024,7.9264,9.1424,9.2044,7.1688,15.15M,-13.30%,UNI
11/04/2024,9.1423,10.0463,10.0463,8.7265,20.98M,-8.96%,UNI
10/04/2024,10.0419,11.2078,11.3117,9.8133,11.08M,-10.45%,UNI
09/04/2024,11.2143,11.6345,11.7171,11.045,3.46M,-3.62%,UNI
08/04/2024,11.6351,11.4035,11.8104,11.2834,2.94M,2.03%,UNI
07/04/2024,11.4038,11.2457,11.4866,11.2009,3.81M,1.40%,UNI
06/04/2024,11.2464,10.9326,11.3477,10.8975,2.05M,2.94%,UNI
05/04/2024,10.9251,10.9839,11.0637,10.4456,3.04M,-0.53%,UNI
04/04/2024,10.9836,10.8736,11.2734,10.7113,3.14M,1.01%,UNI
03/04/2024,10.8739,11.3012,11.4544,10.6631,5.89M,-3.78%,UNI
02/04/2024,11.3015,12.4175,12.4216,11.1843,5.00M,-8.99%,UNI
01/04/2024,12.4177,12.95,12.95,12.0488,4.40M,-4.12%,UNI
31/03/2024,12.9506,12.612,13.3361,12.5782,3.24M,2.69%,UNI
30/03/2024,12.6111,12.6434,12.9094,12.5088,2.54M,-0.26%,UNI
29/03/2024,12.644,12.7595,13.1173,12.4459,3.88M,-0.90%,UNI
28/03/2024,12.7585,12.2458,12.8852,12.1196,3.69M,4.21%,UNI
27/03/2024,12.2427,12.695,12.829,12.1241,3.84M,-3.59%,UNI
26/03/2024,12.6986,12.4355,12.8909,12.3857,3.39M,2.12%,UNI
25/03/2024,12.4352,12.0388,12.7413,11.9285,3.48M,3.31%,UNI
24/03/2024,12.0373,11.63,12.088,11.5787,2.73M,3.50%,UNI
23/03/2024,11.6307,11.7626,12.0166,11.5846,3.23M,-1.13%,UNI
22/03/2024,11.7631,12.186,12.249,11.3602,4.27M,-3.46%,UNI
21/03/2024,12.1849,11.9135,12.2344,11.5495,4.82M,2.28%,UNI
20/03/2024,11.9127,10.6218,11.9451,10.3137,6.33M,12.15%,UNI
19/03/2024,10.6218,11.8808,12.0477,10.4024,7.93M,-10.60%,UNI
18/03/2024,11.8818,12.43,12.6125,11.5911,4.89M,-4.40%,UNI
17/03/2024,12.4289,12.0416,12.6729,11.399,4.97M,3.21%,UNI
16/03/2024,12.0419,13.0743,13.1613,11.7803,5.07M,-7.82%,UNI
15/03/2024,13.063,13.9467,14.1268,12.2526,8.31M,-6.33%,UNI
14/03/2024,13.946,14.2358,14.4619,13.2419,6.14M,-2.04%,UNI
13/03/2024,14.2363,14.0729,14.7407,13.7831,5.55M,1.16%,UNI
12/03/2024,14.0729,14.4397,14.5676,13.3562,6.46M,-2.54%,UNI
11/03/2024,14.4397,14.2034,14.6484,13.5269,6.29M,1.70%,UNI
10/03/2024,14.1985,14.1793,14.3947,13.5531,6.23M,0.15%,UNI
09/03/2024,14.1773,14.5875,15.005,13.9348,7.16M,-2.81%,UNI
08/03/2024,14.5875,14.8793,15.4437,14.2235,6.92M,-1.96%,UNI
07/03/2024,14.879,15.4006,15.5405,14.5947,7.90M,-3.38%,UNI
06/03/2024,15.4,13.2131,16.9884,12.5628,19.98M,17.10%,UNI
05/03/2024,13.1507,12.3559,14.0336,11.3597,17.38M,6.44%,UNI
04/03/2024,12.3548,12.6233,13.0402,12.0828,9.20M,-2.10%,UNI
03/03/2024,12.6193,12.6119,13.1652,11.5761,9.37M,0.06%,UNI
02/03/2024,12.6121,11.5888,13.4474,11.3234,15.03M,8.83%,UNI
01/03/2024,11.5888,11.1203,12.0279,10.8243,10.05M,4.23%,UNI
29/02/2024,11.1188,10.9311,11.9151,10.7417,15.16M,1.70%,UNI
28/02/2024,10.9326,10.8375,11.2322,9.8716,12.60M,0.88%,UNI
27/02/2024,10.8376,10.6102,11.2006,10.4162,10.42M,2.14%,UNI
26/02/2024,10.6109,11.1385,11.5256,10.4082,13.18M,-4.73%,UNI
25/02/2024,11.1374,11.255,11.5598,10.1082,16.44M,-1.04%,UNI
24/02/2024,11.2547,11.3951,12.8313,10.9736,34.13M,-0.76%,UNI
23/02/2024,11.341,7.3525,12.3994,7.0448,47.81M,54.25%,UNI
22/02/2024,7.3521,7.3866,7.5144,7.2721,4.01M,-0.46%,UNI
21/02/2024,7.3858,7.5563,7.5563,7.0783,4.39M,-2.22%,UNI
20/02/2024,7.5532,7.6937,7.7281,7.2421,5.25M,-1.81%,UNI
19/02/2024,7.6926,7.6519,7.7754,7.5184,4.31M,0.52%,UNI
18/02/2024,7.6526,7.764,7.9681,7.5457,3.94M,-1.44%,UNI
17/02/2024,7.7641,7.4423,7.7939,7.3723,4.97M,4.34%,UNI
16/02/2024,7.4414,7.4971,7.6687,7.31,5.39M,-0.71%,UNI
15/02/2024,7.4946,6.8908,7.5155,6.8908,6.14M,8.78%,UNI
14/02/2024,6.8895,6.6888,6.8982,6.6446,3.98M,2.99%,UNI
13/02/2024,6.6893,6.8406,6.8758,6.5767,4.10M,-2.23%,UNI
12/02/2024,6.8416,6.6876,6.8606,6.4869,3.57M,2.32%,UNI
11/02/2024,6.6864,6.6371,6.8298,6.5652,3.40M,0.75%,UNI
10/02/2024,6.6364,6.6611,6.7566,6.5472,2.98M,-0.37%,UNI
09/02/2024,6.6608,6.3284,6.7069,6.3221,4.77M,5.27%,UNI
08/02/2024,6.3273,6.3999,6.4411,6.3267,3.30M,-1.14%,UNI
07/02/2024,6.3999,6.2869,6.4768,6.2324,3.21M,1.80%,UNI
06/02/2024,6.2869,6.0149,6.4379,6.0122,3.52M,4.52%,UNI
05/02/2024,6.0153,5.9882,6.1064,5.9308,2.70M,0.50%,UNI
04/02/2024,5.9856,6.1184,6.134,5.9778,2.03M,-2.14%,UNI
03/02/2024,6.1166,6.1482,6.2892,6.0815,3.09M,-0.52%,UNI
02/02/2024,6.1485,6.0533,6.2655,6.0432,3.78M,1.56%,UNI
01/02/2024,6.0538,6.0373,6.0929,5.8925,4.51M,0.64%,UNI
31/01/2024,6.0155,6.2686,6.3397,5.9465,4.92M,-4.02%,UNI
30/01/2024,6.2673,6.1511,6.3466,6.123,4.40M,1.87%,UNI
29/01/2024,6.1521,5.9447,6.1525,5.8866,4.24M,3.49%,UNI
28/01/2024,5.9449,5.9936,6.0856,5.8973,3.46M,-0.82%,UNI
27/01/2024,5.994,5.9616,6.0062,5.8564,3.37M,0.54%,UNI
26/01/2024,5.9618,5.7524,5.9725,5.7023,4.26M,3.63%,UNI
25/01/2024,5.7529,5.8686,5.8713,5.6367,3.95M,-1.97%,UNI
24/01/2024,5.8686,5.8451,5.9146,5.7282,4.91M,0.41%,UNI
23/01/2024,5.8446,6.0444,6.1307,5.5421,5.23M,-3.31%,UNI
22/01/2024,6.0444,6.3741,6.4033,5.9736,3.23M,-5.20%,UNI
21/01/2024,6.376,6.4967,6.5258,6.3664,2.54M,-1.81%,UNI
20/01/2024,6.4938,6.3624,6.6127,6.2983,4.00M,2.06%,UNI
19/01/2024,6.3624,6.321,6.3819,6.0425,4.33M,0.68%,UNI
18/01/2024,6.3197,6.7736,6.8477,6.2389,4.25M,-6.69%,UNI
17/01/2024,6.7725,6.8257,6.898,6.6661,4.14M,-0.78%,UNI
16/01/2024,6.826,6.6724,6.9309,6.6577,4.31M,2.32%,UNI
15/01/2024,6.6714,6.3163,6.7373,6.3163,4.90M,5.55%,UNI
14/01/2024,6.3206,6.6355,6.6728,6.3088,3.46M,-4.76%,UNI
13/01/2024,6.6367,6.5801,6.7012,6.402,4.60M,0.84%,UNI
12/01/2024,6.5815,6.8212,6.9678,6.313,6.75M,-3.51%,UNI
11/01/2024,6.821,6.5654,6.9685,6.5171,7.24M,3.93%,UNI
10/01/2024,6.5631,6.0127,6.7458,5.9757,6.82M,9.20%,UNI
09/01/2024,6.0101,6.2432,6.2789,5.7129,5.49M,-3.72%,UNI
08/01/2024,6.2426,6.0067,6.2432,5.6812,5.52M,3.90%,UNI
07/01/2024,6.0081,6.3169,6.4553,5.9362,3.88M,-4.90%,UNI
06/01/2024,6.3174,6.4398,6.4411,6.0325,6.22M,-1.91%,UNI
05/01/2024,6.4403,6.5335,6.64,6.2,6.78M,-1.45%,UNI
04/01/2024,6.5348,6.4358,6.7179,6.3842,6.52M,1.54%,UNI
03/01/2024,6.4358,7.1766,7.371,6.0406,8.65M,-10.32%,UNI
02/01/2024,7.1766,7.6039,7.7146,7.1504,3.09M,-5.60%,UNI
01/01/2024,7.6021,7.2218,7.64,7.1414,2.10M,5.27%,UNI
